ID,ACM1,ACM2
5524,0.2576610026222345,0.3392064070115916
2174,-0.5353182527220903,0.07039420910969979
4141,-0.3003325151516989,-0.1754859703922547
6182,-0.5269732033342792,-0.07275834598294323
5324,-0.4829693601114156,-0.04281110300077992
7446,-0.47657288060927,-0.29098731992984855
965,-0.4616663494501083,-0.4684241004861371
6177,-0.4829693601114156,-0.04281110300077992
4855,-0.15726582586235266,-0.07591547841184097
5899,0.23623382107160978,-0.055079400962238824
1994,-0.5170931198177456,-4.492293837286643e-05
387,-0.7177458104848266,6.70394363780211
2125,-0.27703465091746954,-0.650512295418716
8180,-0.56115392950039,-0.3423438954865967
2569,-0.28057234811863174,-0.030059124303113974
2114,1.5279402246309879,0.16200458364052464
9736,-0.5601614292060793,-0.09547525047676796
4939,-0.3003325151516989,-0.1754859703922547
6565,0.6652401562654618,-0.08515438844412308
2278,-0.5112362729139702,0.23237960924567802
9360,-0.28057234811863174,-0.030059124303113974
5376,-0.5170931198177456,-4.492293837286643e-05
1993,0.5975876442438083,-0.1117192291110515
4047,-0.4293114383443594,-0.20096369499074312
1409,-0.47331528156722297,-0.23091093797290643
7892,-0.20604281866666485,0.4675492544562893
2404,-0.5601614292060793,-0.09547525047676796
5255,-0.47982835509176214,0.24875926644132876
9422,-0.5170931198177456,-4.492293837286643e-05
1966,1.2419664678086517,0.0062044940838482466
6864,-0.28354984900156366,-0.7706650593326003
3033,-0.306847713235793,-0.295638734306139
5710,0.5724425909736005,-0.1288319393865734
7373,-0.25967111567722484,-0.36213031731129947
8755,-0.28708754620272586,-0.15021188821699827
10738,-0.5374899854167884,0.030343287805071697
4339,-0.4293114383443594,-0.20096369499074312
10755,-0.5485010376399537,-0.0164245801340236
8595,-0.3320505802218388,-0.26628208866082753
2968,1.0262654403853655,-0.141752215389416
8601,-0.4634351980506894,-0.15819751492833606
503,-0.5203507188597927,-0.060121304895315
8430,-0.47331528156722297,-0.23091093797290643
7281,-0.1377952992540049,0.3820168943314752
2139,-0.5203507188597927,-0.060121304895315
1371,-0.20604281866666485,0.4675492544562893
9909,0.1660974258913124,-0.014372055088878188
7286,-0.5269732033342792,-0.07275834598294323
7244,-0.5898921624207828,0.060287976438866915
6566,-0.5374122560685259,-0.12398603718503932
8614,-0.3320505802218388,-0.26628208866082753
4114,-0.28708754620272586,-0.15021188821699827
1331,-0.47982835509176214,0.24875926644132876
2225,1.3375824196734438,-0.06152148037786435
9381,-0.5601614292060793,-0.09547525047676796
6260,1.200975869197275,-0.04109188620249738
10383,0.2103331144550314,-0.40616795957174523
7437,-0.47982835509176214,0.24875926644132876
8557,-0.47982835509176214,0.24875926644132876
8375,-0.4293114383443594,-0.20096369499074312
6853,1.431362917863664,0.12145014616242716
3076,-0.566748151550435,-0.14395086583981487
1012,-0.42617043332470594,0.09060667445136557
6518,-0.29792682051550884,-0.3090482687232346
4137,-0.3003325151516989,-0.1754859703922547
8082,-0.17666076681418982,0.01646820407374096
1386,-0.566748151550435,-0.14395086583981487
9369,0.9424415254634834,0.11057608168373767
4477,-0.47331528156722297,-0.23091093797290643
1357,-0.5866356256585131,-0.1795471257682507
1402,-0.28708754620272586,-0.15021188821699827
10629,-0.5485010376399537,-0.0164245801340236
6312,-0.4634351980506894,-0.15819751492833606
8132,0.2973206362969934,-0.080232894102736
1050,-0.28057234811863174,-0.030059124303113974
5846,-0.5153242712171645,-0.31027150849617385
1859,0.20363118426486046,-0.07263435477060008
7503,1.0271802113314137,0.25944575461052377
10401,-0.3631483507961151,-0.20824528478355617
1618,0.995750312503069,0.045100679661009134
3332,-0.47982835509176214,0.24875926644132876
2261,-0.5170931198177456,-4.492293837286643e-05
5346,-0.5485010376399537,-0.0164245801340236
535,-0.27703465091746954,-0.650512295418716
5268,-0.5601614292060793,-0.09547525047676796
273,0.28070669907549245,-0.08792631716697381
4452,1.0060307928885988,0.06540443151772235
8504,1.2146674600435876,0.04041743813377389
771,-0.47331528156722297,-0.23091093797290643
8996,-0.5914626649306095,-0.08549720828218743
9235,-0.5353182527220903,0.07039420910969979
5798,-0.306847713235793,-0.295638734306139
11178,-0.48308595413380917,0.18868288448438664
2230,-0.4829693601114156,-0.04281110300077992
7516,-0.5170931198177456,-4.492293837286643e-05
7247,0.6531652774566772,-0.14904402549395687
11100,-0.5589821968056919,-0.3022929741819686
4646,1.1673351829406167,0.030275598208684067
3037,-0.21232482870597183,-0.11559148442792808
1473,-0.45757835114691403,0.07422701725571483
1016,-0.392046673618376,0.04784049438895851
4518,-0.47331528156722297,-0.23091093797290643
9370,-0.21232482870597183,-0.11559148442792808
8908,0.20797464965425658,0.007467487838656115
8373,-0.7455599345173767,3.2942430350696688
7533,-0.5601614292060793,-0.09547525047676796
2683,-0.5243894813613752,-0.20091031180341
3629,-0.47982835509176214,0.24875926644132876
10991,-0.28708754620272586,-0.15021188821699827
5077,-0.47331528156722297,-0.23091093797290643
7431,1.1349728849626868,0.14472911282845974
3267,0.5705811058067165,-0.16316130050482605
999,1.4329917173846876,0.15148833714089824
9215,-0.4829693601114156,-0.04281110300077992
2286,-0.5353182527220903,0.07039420910969979
1592,1.5361284363026595,0.05562341710468892
367,-0.5485010376399537,-0.0164245801340236
5234,-0.5876867634319071,-0.154870637303582
9862,-0.5269732033342792,-0.07275834598294323
9805,-0.47657288060927,-0.29098731992984855
6205,-0.14945503426704068,0.16745045001194855
8442,-0.5981051097454814,-0.03009111045475394
7386,-0.5153242712171645,-0.31027150849617385
7215,1.6143495492978182,0.1399183426191139
1491,-0.3631483507961151,-0.20824528478355617
11071,0.2576610026222345,0.3392064070115916
3381,-0.5623331619007773,-0.13552617178139603
8268,-0.4293114383443594,-0.20096369499074312
11051,-0.5439989784128817,-0.17246165254808624
8026,-0.4634351980506894,-0.15819751492833606
433,-0.5374899854167884,0.030343287805071697
9597,-0.28057234811863174,-0.030059124303113974
1295,-0.4634351980506894,-0.15819751492833606
5290,-0.5374122560685259,-0.12398603718503932
1685,1.087237854321204,-0.10004329696970515
5342,-0.733911002400262,3.056729872556438
9579,-0.5914626649306095,-0.08549720828218743
7660,0.349975242781459,0.0872876553159135
1461,-0.5362330236681386,-0.33080376089024
821,-0.21255801675075897,0.347396490542405
11084,-0.14424457544740937,-0.2162857135194396
8690,-0.28057234811863174,-0.030059124303113974
2937,-0.392046673618376,0.04784049438895851
9701,-0.5269732033342792,-0.07275834598294323
9949,-0.5243894813613752,-0.20091031180341
10837,-0.17666076681418982,0.01646820407374096
3120,-0.5269732033342792,-0.07275834598294323
5885,-0.6242285036948785,-0.07230394684880927
4050,-0.28708754620272586,-0.15021188821699827
3830,-0.5265612140560733,-0.2409612331080381
7987,0.5780883529830483,-0.08728141193253319
7798,-0.5047231993894311,-0.24729059516855717
92,-0.47982835509176214,0.24875926644132876
7055,-0.439191521860893,-0.27367711803531347
10240,1.409419293263429,-0.009270469071237755
3025,-0.42617043332470594,0.09060667445136557
9283,-0.5630632015372546,-0.018788319556114683
9970,-0.47331528156722297,-0.23091093797290643
2730,-0.20604281866666485,0.4675492544562893
2795,-0.5915209619418063,0.030249785460395844
9260,-0.21232482870597183,-0.11559148442792808
8182,-0.5170931198177456,-4.492293837286643e-05
10095,-0.20878713150480957,-0.73604465554353
4370,-0.6134645865420413,-0.10047082977326909
10573,0.9672057916573678,-0.1523938568418128
3712,1.0692579922498315,-0.25584088293036406
6637,-0.20604281866666485,0.4675492544562893
3152,-0.566748151550435,-0.14395086583981487
5610,-0.566748151550435,-0.14395086583981487
6460,-0.5170931198177456,-4.492293837286643e-05
1349,-0.5959333770507834,0.00995981084987416
1880,-0.5439989784128817,-0.17246165254808624
641,0.526488075260422,0.12878314349054718
8717,-0.4293114383443594,-0.20096369499074312
10314,1.4175425005966078,0.007554331064488126
10854,-0.5374122560685259,-0.12398603718503932
10492,-0.6134645865420413,-0.10047082977326909
7698,-0.4293114383443594,-0.20096369499074312
3559,-0.5485010376399537,-0.0164245801340236
10562,-0.28708754620272586,-0.15021188821699827
10796,-0.5203507188597927,-0.060121304895315
2563,-0.7177458104848266,6.70394363780211
3518,-0.5170931198177456,-4.492293837286643e-05
5823,-0.392046673618376,0.04784049438895851
3934,-0.4634351980506894,-0.15819751492833606
6982,-0.28057234811863174,-0.030059124303113974
6431,-0.5374122560685259,-0.12398603718503932
9733,0.3439797888646103,1.9594324924152917
5602,-0.23208499573903893,-0.2610183305170688
1324,-0.5170931198177456,-4.492293837286643e-05
326,-0.5601614292060793,-0.09547525047676796
7224,-0.5601614292060793,-0.09547525047676796
6999,-0.28708754620272586,-0.15021188821699827
9938,1.2146674600435876,0.04041743813377389
6422,-0.28057234811863174,-0.030059124303113974
3182,0.349975242781459,0.0872876553159135
7300,0.5790991236119518,-0.2645537465369909
10424,-0.20604281866666485,0.4675492544562893
8727,-0.4616663494501083,-0.4684241004861371
2798,1.6091411138833431,-0.005795174375557728
1030,-0.512569079584537,0.04188342240142842
624,1.0250084786367157,0.21939483330589568
5176,0.4688864923978088,0.03543170324237073
5552,-0.56115392950039,-0.3423438954865967
868,-0.4634351980506894,-0.15819751492833606
380,0.5910626884401722,-0.156515047899248
2677,-0.47331528156722297,-0.23091093797290643
6521,-0.3003325151516989,-0.1754859703922547
6927,-0.5374122560685259,-0.12398603718503932
2877,-0.5689198842451331,-0.18400178714444296
0,-0.28057234811863174,-0.030059124303113974
1584,-0.5170931198177456,-4.492293837286643e-05
7264,-0.6055961213318868,0.052098147841041546
6274,1.445253662686478,-0.015162328620226498
1377,-0.33530817926388584,-0.3263584706177697
454,-0.5269732033342792,-0.07275834598294323
1755,-0.5583811211564873,-0.08913800317859397
2075,-0.28057234811863174,-0.030059124303113974
4785,-0.5082270305681776,-0.2778967138747283
9076,-0.4829693601114156,-0.04281110300077992
7079,-0.4616663494501083,-0.4684241004861371
4653,-0.5269732033342792,-0.07275834598294323
7375,-0.47331528156722297,-0.23091093797290643
709,-0.4616663494501083,-0.4684241004861371
460,-0.21232482870597183,-0.11559148442792808
3726,-0.4928494436279492,-0.11552452604535028
6798,-0.28954869587607274,0.07212656668291359
5341,0.6660264181951339,-0.2395727987788648
1606,-0.5269732033342792,-0.07275834598294323
9617,-0.20604281866666485,0.4675492544562893
3233,-0.4293114383443594,-0.20096369499074312
89,-0.5485010376399537,-0.0164245801340236
2936,-0.5302308023763262,-0.13283472793988538
9449,-0.392046673618376,0.04784049438895851
7297,-0.47982835509176214,0.24875926644132876
11004,-0.45757835114691403,0.07422701725571483
313,1.1729506076324472,-0.0941272734701164
9940,-0.47331528156722297,-0.23091093797290643
10735,-0.47982835509176214,0.24875926644132876
9529,1.1912293718653248,0.04990288865803659
6439,-0.4634351980506894,-0.15819751492833606
7411,-0.5374122560685259,-0.12398603718503932
2176,1.2072673875867106,0.03865876879375574
9265,-0.4634351980506894,-0.15819751492833606
8867,-0.21232482870597183,-0.11559148442792808
8932,-0.47657288060927,-0.29098731992984855
10236,-0.48308595413380917,0.18868288448438664
6340,-0.47982835509176214,0.24875926644132876
10089,1.745420568467639,-0.06401767616340337
2227,-0.3631483507961151,-0.20824528478355617
10992,-0.566748151550435,-0.14395086583981487
5304,-0.44570459538543217,0.20599308637892172
309,0.5919418822343605,-0.1532697565650917
3406,-0.42617043332470594,0.09060667445136557
2661,-0.5353182527220903,0.07039420910969979
3153,-0.5728302825676178,0.03890488640766338
10264,0.5642337275566441,-0.0774387519042664
1184,-0.5004610758234345,-0.43623882221688204
4200,-0.5203507188597927,-0.060121304895315
9396,-0.4829693601114156,-0.04281110300077992
2387,-0.3183500943243951,-0.14592714439206592
6690,-0.5623331619007773,-0.13552617178139603
1225,0.9657907127769029,0.09578741160442801
9703,0.3350693368910656,-0.012234020435967163
291,-0.28057234811863174,-0.030059124303113974
4557,-0.5269732033342792,-0.07275834598294323
2379,0.2576610026222345,0.3392064070115916
5726,-0.48308595413380917,0.18868288448438664
3066,-0.439191521860893,-0.27367711803531347
6336,-0.5601614292060793,-0.09547525047676796
10967,-0.5589821968056919,-0.3022929741819686
2304,-0.439191521860893,-0.27367711803531347
3445,0.2576610026222345,0.3392064070115916
7828,-0.306847713235793,-0.295638734306139
3762,1.238821721486867,0.18726156153623297
4391,-0.46492394849215535,-0.5285004824430792
4669,-0.7356798510008431,3.366956458114239
1672,-0.439191521860893,-0.27367711803531347
8962,-0.5623331619007773,-0.13552617178139603
9974,-0.5170931198177456,-4.492293837286643e-05
10983,-0.3003325151516989,-0.1754859703922547
8148,-0.5689198842451331,-0.18400178714444296
10102,-0.017803112460930547,-0.24622827176809692
4697,-0.28354984900156366,-0.7706650593326003
9262,0.9327603117059097,0.02451294741225113
7254,-0.5269732033342792,-0.07275834598294323
4543,1.2146674600435876,0.04041743813377389
4927,-0.6025200993951392,-0.03851580451317275
10451,-0.566748151550435,-0.14395086583981487
2926,0.9930669704202353,-0.11926683821508345
2874,-0.5467321890393726,-0.3266511656918246
9738,-0.5302308023763262,-0.13283472793988538
7119,-0.20604281866666485,0.4675492544562893
3924,0.5985984148727118,-0.2889915637155092
5827,-0.5589821968056919,-0.3022929741819686
5596,-0.5047231993894311,-0.24729059516855717
10812,-0.4829693601114156,-0.04281110300077992
1717,-0.47982835509176214,0.24875926644132876
9491,-0.5269732033342792,-0.07275834598294323
9274,1.1898554379647455,-0.004681781600349059
6609,0.383154140092724,-0.13664527713799918
6963,1.2444792718243745,0.2394607896375352
4440,0.5762268678161643,-0.12161077305078584
1379,-0.306847713235793,-0.295638734306139
10032,-0.5153242712171645,-0.31027150849617385
2826,-0.6085245447837745,-0.0641141182509839
2437,1.4312537601067872,0.02128266523476241
6320,-0.21255801675075897,0.347396490542405
3050,-0.5601614292060793,-0.09547525047676796
231,-0.5689198842451331,-0.18400178714444296
2392,-0.5601614292060793,-0.09547525047676796
9478,-0.47982835509176214,0.24875926644132876
113,-0.5601614292060793,-0.09547525047676796
2863,0.46733964651436444,0.004522334523126715
1802,-0.4634351980506894,-0.15819751492833606
520,-0.5170931198177456,-4.492293837286643e-05
8275,-0.5362330236681386,-0.33080376089024
9750,-0.42754258974377835,-0.5111902805485441
2607,-0.42617043332470594,0.09060667445136557
7214,-0.28057234811863174,-0.030059124303113974
5835,-0.48120051151083454,-0.3530376885585809
3896,-0.5170931198177456,-4.492293837286643e-05
10350,-0.5914626649306095,-0.08549720828218743
7786,-0.44570459538543217,0.20599308637892172
2861,-0.47982835509176214,0.24875926644132876
663,-0.1377952992540049,0.3820168943314752
10675,-0.10643542163548092,-0.14426681356815524
2521,0.5617205037353301,0.04763634989616303
9592,-0.5269732033342792,-0.07275834598294323
10151,-0.5232102489609878,-0.4077280355086107
7381,1.6001511828476571,-0.08369396735588717
4099,-0.5170931198177456,-4.492293837286643e-05
9560,1.203147601891973,-0.001040964897869283
1150,1.234062400995425,-0.05196624435180804
10172,-0.20604281866666485,0.4675492544562893
11191,-0.27703465091746954,-0.650512295418716
9707,1.0140720558713066,-0.0792563382421477
6245,-0.439191521860893,-0.27367711803531347
8234,0.4491158959065381,1.724818519878655
1411,-0.27703465091746954,-0.650512295418716
8553,-0.5601614292060793,-0.09547525047676796
1826,0.2103331144550314,-0.40616795957174523
8842,-0.47257168398684557,-0.1675316329650956
11030,0.47267076924037255,0.04265286957815828
2579,-0.4634351980506894,-0.15819751492833606
175,0.9013685832197219,0.0790381016424084
9185,0.30315934889734114,0.28218483359504887
11056,-0.28057234811863174,-0.030059124303113974
9365,-0.392046673618376,0.04784049438895851
6201,-0.5353182527220903,0.07039420910969979
2061,0.5780883529830483,-0.08728141193253319
6184,-0.21232482870597183,-0.11559148442792808
6142,-0.28708754620272586,-0.15021188821699827
4107,-0.5082270305681776,-0.2778967138747283
7274,1.0678429133693665,-0.007659614484123224
9336,-0.29792682051550884,-0.3090482687232346
2958,-0.5959333770507834,0.00995981084987416
5837,-0.5601614292060793,-0.09547525047676796
10704,-0.42617043332470594,0.09060667445136557
5125,-0.28057234811863174,-0.030059124303113974
4432,-0.5153242712171645,-0.31027150849617385
5955,-0.3003325151516989,-0.1754859703922547
2928,-0.392046673618376,0.04784049438895851
5680,-0.5485010376399537,-0.0164245801340236
10313,-0.5601614292060793,-0.09547525047676796
2557,0.49396492051236307,0.18482669208084493
1245,0.5993825042550388,0.054892410570153455
1519,-0.27004940461531274,0.04768874950439528
10703,-0.5374899854167884,0.030343287805071697
1726,1.0271802113314137,0.25944575461052377
4459,-0.47982835509176214,0.24875926644132876
1729,-0.439191521860893,-0.27367711803531347
1517,-0.47982835509176214,0.24875926644132876
2098,-0.5731842039132301,-0.018550975858397212
9543,-0.5170931198177456,-4.492293837286643e-05
6878,-0.017803112460930547,-0.24622827176809692
2724,-0.48308595413380917,0.18868288448438664
948,-0.47982835509176214,0.24875926644132876
6720,0.6473920482308811,-0.13245104892644827
6202,-0.47331528156722297,-0.23091093797290643
2066,-0.47331528156722297,-0.23091093797290643
9799,-0.5362330236681386,-0.33080376089024
8318,1.206763393230361,-0.017753300301882397
5642,-0.5302308023763262,-0.13283472793988538
2669,-0.20604281866666485,0.4675492544562893
455,-0.21232482870597183,-0.11559148442792808
7683,-0.4666927970927364,-0.2182738968852782
3428,-0.23208499573903893,-0.2610183305170688
7414,-0.5601614292060793,-0.09547525047676796
6354,-0.18456483362741666,-0.041702534361915324
798,-0.47982835509176214,0.24875926644132876
8213,-0.20969116788518313,-0.05480626011843591
2488,-0.579920808687164,-0.31321274564573576
9999,-0.3003325151516989,-0.1754859703922547
7617,-0.5353182527220903,0.07039420910969979
615,-0.3003325151516989,-0.1754859703922547
2552,0.2264514445676178,-0.018085865699228112
194,-0.5601614292060793,-0.09547525047676796
3645,-0.11954994726833906,0.18129861152757662
8890,-0.5362330236681386,-0.33080376089024
5049,-0.4928494436279492,-0.11552452604535028
9973,-0.5243894813613752,-0.20091031180341
7301,-0.17197528929116954,0.20240782982098168
10882,-0.4634351980506894,-0.15819751492833606
7030,0.6866009326931058,-0.07526284450438875
7422,-0.47982835509176214,0.24875926644132876
3523,-0.47331528156722297,-0.23091093797290643
7106,-0.21232482870597183,-0.11559148442792808
6504,0.4509391107851185,0.02607189913057031
5067,1.7921256770857434,0.009029074906353258
4216,1.510878344777823,0.18338767367172817
8581,-0.5623331619007773,-0.13552617178139603
5929,-0.4829693601114156,-0.04281110300077992
6528,-0.5302308023763262,-0.13283472793988538
1361,1.4127305355006723,-0.0029519485274236467
6932,1.2419664678086517,0.0062044940838482466
7284,-0.5816955839002463,-0.1431904142459655
1340,1.6454853098749125,0.03571621739445956
8746,0.9457276153015326,0.023213023721785925
5987,-0.5583811211564873,-0.08913800317859397
3767,-0.4634351980506894,-0.15819751492833606
3725,1.7686271270782163,0.10807052212829515
4324,-0.5170931198177456,-4.492293837286643e-05
238,-0.5876867634319071,-0.154870637303582
6694,-0.4634351980506894,-0.15819751492833606
498,-0.47982835509176214,0.24875926644132876
9347,-0.47657288060927,-0.29098731992984855
9699,-0.4616663494501083,-0.4684241004861371
10664,-0.33530817926388584,-0.3263584706177697
5455,-0.4829693601114156,-0.04281110300077992
456,-0.5485010376399537,-0.0164245801340236
5012,-0.5170931198177456,-4.492293837286643e-05
7495,-0.4293114383443594,-0.20096369499074312
5029,-0.28057234811863174,-0.030059124303113974
2106,-0.34338818376304797,-0.06281843869441543
10364,-0.27703465091746954,-0.650512295418716
5954,-0.5185818702592115,-0.370347890453116
1137,1.379653482384161,0.23734722065784278
2541,-0.5170931198177456,-4.492293837286643e-05
1142,-0.4293114383443594,-0.20096369499074312
2276,-0.42617043332470594,0.09060667445136557
2807,-0.4634351980506894,-0.15819751492833606
6471,-0.48308595413380917,0.18868288448438664
6131,-0.5811000410875513,-0.1063950219405351
6233,-0.4634351980506894,-0.15819751492833606
4148,-0.5816955839002463,-0.1431904142459655
4947,1.4034090441953304,0.1451496871877171
3225,0.5617205037353301,0.04763634989616303
7540,-0.4634351980506894,-0.15819751492833606
10648,-0.3631483507961151,-0.20824528478355617
1992,0.7318475169033067,-0.034156809894862084
7851,-0.017803112460930547,-0.24622827176809692
8594,-0.29792682051550884,-0.3090482687232346
2815,-0.5170931198177456,-4.492293837286643e-05
2416,-0.1377952992540049,0.3820168943314752
7999,1.426481173116594,-0.03065355910244128
9213,-0.385708501988895,-0.10812949667086434
9697,-0.5243894813613752,-0.20091031180341
3916,-0.4928494436279492,-0.11552452604535028
2021,-0.4634351980506894,-0.15819751492833606
1581,-0.17666076681418982,0.01646820407374096
564,0.6392537667215415,-0.044719651984199124
6619,-0.5601614292060793,-0.09547525047676796
9081,-0.47982835509176214,0.24875926644132876
178,-0.4634351980506894,-0.15819751492833606
916,-0.512569079584537,0.04188342240142842
5512,-0.4666927970927364,-0.2182738968852782
8970,-0.4293114383443594,-0.20096369499074312
10581,-0.5170931198177456,-4.492293837286643e-05
5300,-0.5203507188597927,-0.060121304895315
5154,-0.5185818702592115,-0.370347890453116
8346,0.5819816856193453,0.2020766355644849
1676,-0.4634351980506894,-0.15819751492833606
9286,-0.306847713235793,-0.295638734306139
2426,0.255831460730138,-0.46318953298828797
5172,-0.47657288060927,-0.29098731992984855
5562,-0.4634351980506894,-0.15819751492833606
3436,-0.5170931198177456,-4.492293837286643e-05
3921,-0.08061894810534677,-0.2789875861593984
3403,-0.439191521860893,-0.27367711803531347
22,-0.5153242712171645,-0.31027150849617385
10965,1.1845574503851564,-0.014791414470451637
9426,-0.429428032366753,0.030530292494423426
6605,1.0965570000148956,-0.2900538269802897
3136,-0.46492394849215535,-0.5285004824430792
8737,-0.4616663494501083,-0.4684241004861371
11088,-0.439191521860893,-0.27367711803531347
716,-0.439191521860893,-0.27367711803531347
466,-0.28057234811863174,-0.030059124303113974
9135,-0.566748151550435,-0.14395086583981487
10623,-0.47657288060927,-0.29098731992984855
8151,-0.7177458104848266,6.70394363780211
5140,-0.4829693601114156,-0.04281110300077992
4945,-0.017803112460930547,-0.24622827176809692
10584,-0.4634351980506894,-0.15819751492833606
6071,-0.20604281866666485,0.4675492544562893
3386,-0.28057234811863174,-0.030059124303113974
8939,-0.4616663494501083,-0.4684241004861371
9925,0.4883857836585688,0.010993886063852407
4320,-0.42617043332470594,0.09060667445136557
5389,0.3060024861017607,-0.13151574384831652
6036,1.2041573139967234,-0.06581440586743612
182,-0.439191521860893,-0.27367711803531347
203,-0.21255801675075897,0.347396490542405
11025,-0.5601614292060793,-0.09547525047676796
10203,-0.47982835509176214,0.24875926644132876
4607,-0.3003325151516989,-0.1754859703922547
3711,1.5342669511357756,0.02129405598643627
3696,-0.5589821968056919,-0.3022929741819686
2532,0.9929964453240521,0.2467696575426356
9214,-0.28057234811863174,-0.030059124303113974
4943,1.447115147853362,0.019167032498026152
35,-0.17666076681418982,0.01646820407374096
2258,-0.5170931198177456,-4.492293837286643e-05
4322,-0.23208499573903893,-0.2610183305170688
713,-0.28708754620272586,-0.15021188821699827
4702,-0.20604281866666485,0.4675492544562893
3281,-0.5374122560685259,-0.12398603718503932
702,-0.3634584980440469,-0.28266174585647824
2004,-0.42617043332470594,0.09060667445136557
4769,0.27631555084592196,-0.12024339407567175
4437,-0.5601614292060793,-0.09547525047676796
8724,-0.47982835509176214,0.24875926644132876
10741,-0.47657288060927,-0.29098731992984855
1991,-0.47331528156722297,-0.23091093797290643
6931,1.2109135566367162,-0.15938307324002304
11096,-0.5047231993894311,-0.24729059516855717
304,-0.48308595413380917,0.18868288448438664
3665,-0.5583811211564873,-0.08913800317859397
10591,-0.3320505802218388,-0.26628208866082753
5036,-0.44570459538543217,0.20599308637892172
5547,1.4314212148748608,0.005703152419843897
7822,-0.47331528156722297,-0.23091093797290643
8541,-0.5485010376399537,-0.0164245801340236
10955,0.383154140092724,-0.13664527713799918
4368,-0.5170931198177456,-4.492293837286643e-05
9671,0.3214198330085336,0.004872451588995657
2256,-0.5623331619007773,-0.13552617178139603
4279,-0.5562568646035624,0.059474437645932646
5371,0.5819816856193453,0.2020766355644849
9240,-0.392046673618376,0.04784049438895851
9460,-0.28057234811863174,-0.030059124303113974
9504,0.20363118426486046,-0.07263435477060008
8692,-0.566748151550435,-0.14395086583981487
448,-0.44570459538543217,0.20599308637892172
8314,1.2146674600435876,0.04041743813377389
8420,-0.34338818376304797,-0.06281843869441543
3174,1.4004182140841226,-0.02791651964393101
7685,-0.5170931198177456,-4.492293837286643e-05
3179,-0.20604281866666485,0.4675492544562893
9780,-0.47657288060927,-0.29098731992984855
10681,-0.4948431158728975,-0.1745771721239868
10232,-0.42754258974377835,-0.5111902805485441
4184,-0.439191521860893,-0.27367711803531347
9120,-0.42617043332470594,0.09060667445136557
891,-0.5689198842451331,-0.18400178714444296
10381,-0.42617043332470594,0.09060667445136557
3525,-0.566748151550435,-0.14395086583981487
6818,-0.4634351980506894,-0.15819751492833606
3526,-0.5374122560685259,-0.12398603718503932
8181,-0.5112362729139702,0.23237960924567802
1029,-0.439191521860893,-0.27367711803531347
7369,-0.5203507188597927,-0.060121304895315
2574,1.249273241828539,-0.036959133582764994
8159,-0.5601614292060793,-0.09547525047676796
1160,-0.5601614292060793,-0.09547525047676796
10242,-0.5439989784128817,-0.17246165254808624
5253,-0.5689198842451331,-0.18400178714444296
5966,0.2973206362969934,-0.080232894102736
5081,-0.5876867634319071,-0.154870637303582
5123,-0.28708754620272586,-0.15021188821699827
5756,-0.5269732033342792,-0.07275834598294323
8036,-0.5876867634319071,-0.154870637303582
9058,1.6009713902427332,0.04888635041851226
5057,-0.4666927970927364,-0.2182738968852782
254,0.5724425909736005,-0.1288319393865734
4179,-0.3003325151516989,-0.1754859703922547
3710,-0.11954994726833906,0.18129861152757662
7627,1.4906171628938076,0.028947388003406283
4501,-0.21255801675075897,0.347396490542405
6424,-0.5269732033342792,-0.07275834598294323
3075,-0.21232482870597183,-0.11559148442792808
4992,-0.1871709128610543,-0.08976363992746904
5252,-0.5153242712171645,-0.31027150849617385
7444,-0.5623331619007773,-0.13552617178139603
6919,-0.5485010376399537,-0.0164245801340236
3537,-0.5269732033342792,-0.07275834598294323
10277,-0.42617043332470594,0.09060667445136557
2453,-0.47331528156722297,-0.23091093797290643
7972,-0.20604281866666485,0.4675492544562893
895,-0.5016403082238219,-0.22942109851168138
1177,-0.5689198842451331,-0.18400178714444296
7141,-0.14945503426704068,0.16745045001194855
8477,-0.6076401204834839,-0.2192274110298844
2457,-0.6820219292337869,3.208803866124276
988,1.192461517198383,0.04337932396520465
7930,-0.21255801675075897,0.347396490542405
4587,-0.024318310545024667,-0.3663810356819812
6682,-0.7356798510008431,3.366956458114239
10299,0.30315934889734114,0.28218483359504887
3083,-0.5601614292060793,-0.09547525047676796
8953,-0.5915209619418063,0.030249785460395844
8650,-0.47257168398684557,-0.1675316329650956
10862,-0.4666927970927364,-0.2182738968852782
2782,-0.4293114383443594,-0.20096369499074312
6941,-0.20604281866666485,0.4675492544562893
10972,1.5221920723269908,-0.04259558106339754
10708,-0.5112362729139702,0.23237960924567802
6583,1.1673351829406167,0.030275598208684067
3641,-0.5170931198177456,-4.492293837286643e-05
10156,-0.42617043332470594,0.09060667445136557
4299,-0.14163849621377173,-0.16822460795388589
3469,-0.5362330236681386,-0.33080376089024
5063,-0.47982835509176214,0.24875926644132876
10727,-0.4829693601114156,-0.04281110300077992
9624,-0.23208499573903893,-0.2610183305170688
4376,1.0062415994499416,0.24852598314675664
8923,0.2576610026222345,0.3392064070115916
8461,-0.6076401204834839,-0.2192274110298844
6945,-0.20604281866666485,0.4675492544562893
944,-0.4634351980506894,-0.15819751492833606
1907,-0.13492542975371763,-0.40629624353002414
701,0.5051939239884314,-0.013390679012139469
4149,-0.23208499573903893,-0.2610183305170688
2131,-0.42754258974377835,-0.5111902805485441
2942,0.526488075260422,0.12878314349054718
1173,1.4077904937424055,-0.03930866004970883
4381,-0.5374122560685259,-0.12398603718503932
4611,1.4873059206565644,0.022628867459592174
3376,-0.5185818702592115,-0.370347890453116
4679,-0.4666927970927364,-0.2182738968852782
10928,-0.47331528156722297,-0.23091093797290643
4248,1.0950486459165159,0.1433226314540844
6728,-0.5269732033342792,-0.07275834598294323
6661,-0.4634351980506894,-0.15819751492833606
4725,-0.439191521860893,-0.27367711803531347
3277,-0.4616663494501083,-0.4684241004861371
2564,-0.47331528156722297,-0.23091093797290643
3867,-0.439191521860893,-0.27367711803531347
6940,0.09291706242264196,0.019789457266347482
55,-0.47331528156722297,-0.23091093797290643
5084,-0.3320505802218388,-0.26628208866082753
1777,-0.7177458104848266,6.70394363780211
8162,-0.306847713235793,-0.295638734306139
10826,-0.28057234811863174,-0.030059124303113974
8754,-0.439191521860893,-0.27367711803531347
1987,-0.6984150862748596,3.615760647493941
11007,-0.4829693601114156,-0.04281110300077992
7426,-0.5811000410875513,-0.1063950219405351
9153,-0.4293114383443594,-0.20096369499074312
10379,-0.5017180375720843,-0.07509177352157037
9204,-0.3320505802218388,-0.26628208866082753
3197,-0.4634351980506894,-0.15819751492833606
6961,-0.5959333770507834,0.00995981084987416
4673,0.7489093967564717,-0.05553989992606562
9937,-0.20604281866666485,0.4675492544562893
8779,0.5476453443452496,0.06948471227680873
9596,-0.1377952992540049,0.3820168943314752
2891,-0.4616663494501083,-0.4684241004861371
4910,-0.27703465091746954,-0.650512295418716
75,-0.3631483507961151,-0.20824528478355617
10120,-0.47331528156722297,-0.23091093797290643
6327,-0.3003325151516989,-0.1754859703922547
10142,-0.42754258974377835,-0.5111902805485441
9826,0.30315934889734114,0.28218483359504887
10767,1.549981965553972,-0.010364927527869598
7279,-0.23208499573903893,-0.2610183305170688
7230,0.671907193663627,-0.24255252923579604
143,-0.20604281866666485,0.4675492544562893
450,-0.47657288060927,-0.29098731992984855
9316,-0.7375059775178937,6.558516791712969
6379,-0.23762740784131842,-0.1661392304994494
9239,-0.5265612140560733,-0.2409612331080381
8315,-0.20604281866666485,0.4675492544562893
2868,-0.27004940461531274,0.04768874950439528
10888,-0.20604281866666485,0.4675492544562893
1277,1.1845574503851564,-0.014791414470451637
9977,-0.4616663494501083,-0.4684241004861371
10196,-0.5959333770507834,0.00995981084987416
6384,0.506204694617335,-0.19066301361659718
8029,1.6130465096809992,0.11588778983633703
968,-0.5185818702592115,-0.370347890453116
4472,-0.48120051151083454,-0.3530376885585809
6991,-0.4616663494501083,-0.4684241004861371
3336,0.5190474532397437,-0.079379023644698
1940,-0.5170931198177456,-4.492293837286643e-05
1272,-0.429428032366753,0.030530292494423426
1388,-0.47982835509176214,0.24875926644132876
1044,-0.3003325151516989,-0.1754859703922547
6969,-0.5269732033342792,-0.07275834598294323
10479,-0.21232482870597183,-0.11559148442792808
3619,1.1899749447552441,-0.1703028447037902
1715,-0.5269732033342792,-0.07275834598294323
10159,-0.4616663494501083,-0.4684241004861371
1463,-0.5353182527220903,0.07039420910969979
5114,-0.4666927970927364,-0.2182738968852782
4990,-0.28057234811863174,-0.030059124303113974
4329,-0.4829693601114156,-0.04281110300077992
10936,-0.28057234811863174,-0.030059124303113974
4692,0.5633493032563536,0.0776745408746341
6086,1.192461517198383,0.04337932396520465
437,-0.28354984900156366,-0.7706650593326003
11171,-0.610153344304798,-0.09415230922945497
11101,1.206763393230361,-0.017753300301882397
5329,-0.5362330236681386,-0.33080376089024
610,-0.5439989784128817,-0.17246165254808624
5956,-0.5637492797467908,-0.3196867970560695
10430,0.9243553310982557,-0.11016874153349598
7875,1.5994436434074246,0.04039666686723324
7072,-0.4634351980506894,-0.15819751492833606
6255,-0.47657288060927,-0.29098731992984855
6516,-0.7356798510008431,3.366956458114239
5564,-0.47331528156722297,-0.23091093797290643
5682,-0.392046673618376,0.04784049438895851
7458,-0.5689198842451331,-0.18400178714444296
5237,-0.5460013216840897,-0.04017140958731819
7761,-0.5583811211564873,-0.08913800317859397
5278,1.192461517198383,0.04337932396520465
3560,1.206763393230361,-0.017753300301882397
7235,-0.5485010376399537,-0.0164245801340236
10548,-0.20604281866666485,0.4675492544562893
2281,0.4958264056792471,0.21915605319909756
4073,0.9813984229659527,0.0826565235602889
6974,-0.23208499573903893,-0.2610183305170688
7938,-0.439191521860893,-0.27367711803531347
3667,1.5994436434074246,0.04039666686723324
7723,-0.3003325151516989,-0.1754859703922547
3870,-0.3631483507961151,-0.20824528478355617
4012,-0.11433948844870775,-0.20243755200381153
5909,-0.4634351980506894,-0.15819751492833606
10470,-0.5203507188597927,-0.060121304895315
6488,-0.4293114383443594,-0.20096369499074312
10270,-0.5485010376399537,-0.0164245801340236
6887,-0.5353182527220903,0.07039420910969979
6406,-0.28708754620272586,-0.15021188821699827
7573,0.5990435654725103,0.1806935455332814
4508,-0.20604281866666485,0.4675492544562893
221,-0.4634351980506894,-0.15819751492833606
5331,-0.28057234811863174,-0.030059124303113974
1911,-0.3003325151516989,-0.1754859703922547
20,-0.4948431158728975,-0.1745771721239868
8786,-0.4666927970927364,-0.2182738968852782
10582,-0.4634351980506894,-0.15819751492833606
1915,-0.21232482870597183,-0.11559148442792808
8897,-0.28954869587607274,0.07212656668291359
2371,-0.5601614292060793,-0.09547525047676796
4303,-0.439191521860893,-0.27367711803531347
6825,-0.566748151550435,-0.14395086583981487
1072,-0.392046673618376,0.04784049438895851
4964,-0.23208499573903893,-0.2610183305170688
2461,-0.5374899854167884,0.030343287805071697
10736,-0.42617043332470594,0.09060667445136557
3194,-0.1377952992540049,0.3820168943314752
10839,-0.566748151550435,-0.14395086583981487
49,-0.47982835509176214,0.24875926644132876
4290,-0.5170931198177456,-4.492293837286643e-05
10219,-0.5269732033342792,-0.07275834598294323
4211,-0.7356798510008431,3.366956458114239
1135,-0.5689198842451331,-0.18400178714444296
6299,0.6081245682933372,-0.17789813793045153
10846,0.47267076924037255,0.04265286957815828
347,-0.4616663494501083,-0.4684241004861371
6543,-0.306847713235793,-0.295638734306139
10446,1.6130931472899566,0.023290194842270417
3479,0.9956025245576896,0.29483076310818934
11075,-0.5601614292060793,-0.09547525047676796
4442,-0.42617043332470594,0.09060667445136557
199,1.0950486459165159,0.1433226314540844
6722,-0.4293114383443594,-0.20096369499074312
796,-0.4930742672723164,-0.4848037576817878
3749,-0.3003325151516989,-0.1754859703922547
8523,-0.5170931198177456,-4.492293837286643e-05
310,-0.4666927970927364,-0.2182738968852782
8629,-0.47257168398684557,-0.1675316329650956
236,-0.5601614292060793,-0.09547525047676796
9930,-0.1377952992540049,0.3820168943314752
3483,1.6147379959082646,0.030022692836356436
4599,-0.5265612140560733,-0.2409612331080381
7326,-0.4666927970927364,-0.2182738968852782
7352,-0.4634351980506894,-0.15819751492833606
2350,0.28215452087195786,-0.06122570296388842
9145,-0.42617043332470594,0.09060667445136557
2964,-0.28057234811863174,-0.030059124303113974
5585,-0.14684895503340303,0.21551155557750226
9687,-0.20604281866666485,0.4675492544562893
3732,-0.4666927970927364,-0.2182738968852782
6303,-0.23208499573903893,-0.2610183305170688
11176,-0.439191521860893,-0.27367711803531347
2986,-0.5601614292060793,-0.09547525047676796
7462,-0.20604281866666485,0.4675492544562893
3900,-0.4634351980506894,-0.15819751492833606
7034,-0.5485010376399537,-0.0164245801340236
9493,1.5279402246309879,0.16200458364052464
1143,-0.5170931198177456,-4.492293837286643e-05
1,1.2600680882217172,0.19601415333351738
5989,-0.4930742672723164,-0.4848037576817878
9499,0.4644143123083713,-0.07317198752887022
6768,-0.5808111595999558,-0.298303707024866
2150,-0.29792682051550884,-0.3090482687232346
6646,-0.5269732033342792,-0.07275834598294323
4887,-0.5362330236681386,-0.33080376089024
8560,-0.20604281866666485,0.4675492544562893
3321,-0.5082270305681776,-0.2778967138747283
11003,-0.5583811211564873,-0.08913800317859397
10402,-0.5601614292060793,-0.09547525047676796
9904,-0.4634351980506894,-0.15819751492833606
6141,-0.48308595413380917,0.18868288448438664
5687,-0.27703465091746954,-0.650512295418716
10856,-0.45757835114691403,0.07422701725571483
5121,0.526488075260422,0.12878314349054718
4186,-0.566748151550435,-0.14395086583981487
368,-0.4634351980506894,-0.15819751492833606
3312,-0.47982835509176214,0.24875926644132876
11121,-0.5170931198177456,-4.492293837286643e-05
5332,-0.34338818376304797,-0.06281843869441543
5848,1.5708628336280215,0.05117989374708852
10343,-0.2688586543110811,0.43478994006498783
5935,-0.429428032366753,0.030530292494423426
2895,-0.42617043332470594,0.09060667445136557
10262,-0.5959333770507834,0.00995981084987416
7848,-0.42617043332470594,0.09060667445136557
4856,1.3404119494994802,0.08581359404335573
7186,0.23623382107160978,-0.055079400962238824
5794,1.0047743908807372,-0.05122371625912113
1456,-0.42617043332470594,0.09060667445136557
4877,-0.4666927970927364,-0.2182738968852782
425,-0.5959333770507834,0.00995981084987416
3007,-0.566748151550435,-0.14395086583981487
1031,1.1895411257858213,0.027313712377253305
4297,-0.5269732033342792,-0.07275834598294323
807,-0.5689198842451331,-0.18400178714444296
9553,-0.28057234811863174,-0.030059124303113974
4271,-0.5583811211564873,-0.08913800317859397
4120,-0.5112362729139702,0.23237960924567802
2036,-0.439191521860893,-0.27367711803531347
115,-0.429428032366753,0.030530292494423426
4259,-0.5732619332614924,0.1357783491317138
8687,-0.47331528156722297,-0.23091093797290643
2447,-0.5269732033342792,-0.07275834598294323
10140,1.482817752105874,-0.06164127503578494
9353,0.5993825042550388,0.054892410570153455
3623,-0.5269732033342792,-0.07275834598294323
738,-0.5562568646035624,0.059474437645932646
7631,-0.5302308023763262,-0.13283472793988538
4789,1.5843984946495289,0.06086971053495674
773,-0.56115392950039,-0.3423438954865967
10602,-0.5170931198177456,-4.492293837286643e-05
1446,-0.21255801675075897,0.347396490542405
3270,-0.5583811211564873,-0.08913800317859397
8443,0.5819816856193453,0.2020766355644849
9653,-0.4634351980506894,-0.15819751492833606
8916,-0.5947541446503961,-0.1968579128553265
8017,-0.5811000410875513,-0.1063950219405351
4597,-0.23208499573903893,-0.2610183305170688
7023,-0.5728302825676178,0.03890488640766338
8086,-0.5601614292060793,-0.09547525047676796
8825,-0.566748151550435,-0.14395086583981487
2930,-0.21255801675075897,0.347396490542405
1928,0.47453225440725655,0.07698223069641093
7108,-0.47474341668154363,-0.2075825542697237
10925,-0.28057234811863174,-0.030059124303113974
9960,-0.6984150862748596,3.615760647493941
9224,-0.392046673618376,0.04784049438895851
5519,-0.14163849621377173,-0.16822460795388589
5046,-0.4616663494501083,-0.4684241004861371
7037,-0.4829693601114156,-0.04281110300077992
905,-0.5153242712171645,-0.31027150849617385
8624,-0.28057234811863174,-0.030059124303113974
8945,-0.4616663494501083,-0.4684241004861371
6445,-0.3003325151516989,-0.1754859703922547
2727,-0.3003325151516989,-0.1754859703922547
6404,-0.5866356256585131,-0.1795471257682507
11074,-0.20604281866666485,0.4675492544562893
10150,1.2160725483493138,0.21577234824450434
1968,-0.385708501988895,-0.10812949667086434
6534,-0.5269732033342792,-0.07275834598294323
9485,-0.21232482870597183,-0.11559148442792808
7053,-0.1377952992540049,0.3820168943314752
4654,-0.3003325151516989,-0.1754859703922547
9760,-0.0013277273724004233,-0.23073447255414842
1048,-0.17926684604782747,-0.03159290149181274
10619,1.2345775007203177,0.21330411005164537
9308,-0.28057234811863174,-0.030059124303113974
10505,-0.306847713235793,-0.295638734306139
2625,-0.45757835114691403,0.07422701725571483
4637,1.249572336744234,0.2082097314190403
9972,0.6426944893435987,-0.03881700446019257
4483,-0.20604281866666485,0.4675492544562893
4487,-0.14945503426704068,0.16745045001194855
4988,-0.5374122560685259,-0.12398603718503932
8931,0.6307942098417231,-0.002002645071360244
5871,-0.306847713235793,-0.295638734306139
2008,1.192461517198383,0.04337932396520465
3139,1.072528390892387,0.1782800112631175
10673,-0.4293114383443594,-0.20096369499074312
5303,-0.23208499573903893,-0.2610183305170688
538,-0.47982835509176214,0.24875926644132876
7922,0.6188817955157988,0.030454593391635143
5692,-0.7356798510008431,3.366956458114239
6383,-0.4928494436279492,-0.11552452604535028
1628,-0.3003325151516989,-0.1754859703922547
1204,0.6866009326931058,-0.07526284450438875
3673,-0.42617043332470594,0.09060667445136557
760,-0.48120051151083454,-0.3530376885585809
8957,-0.5562568646035624,0.059474437645932646
4128,-0.439191521860893,-0.27367711803531347
6810,1.2109135566367162,-0.15938307324002304
5386,1.5954916100008112,0.011311297649405097
8700,-0.6432162810328597,7.2015520165615134
3202,1.466614439114122,-0.005270784680492163
1328,-0.4948431158728975,-0.1745771721239868
8405,-0.5589821968056919,-0.3022929741819686
6515,-0.5269732033342792,-0.07275834598294323
2882,-0.4930742672723164,-0.4848037576817878
7574,-0.4928494436279492,-0.11552452604535028
6387,0.23623382107160978,-0.055079400962238824
5320,-0.31169356168604384,-0.28164895154248343
5048,-0.5483410274292412,0.14731848372807052
8146,-0.5689198842451331,-0.18400178714444296
10031,-0.5374122560685259,-0.12398603718503932
5748,-0.1337344294005449,-0.1100538695182296
2134,-0.42617043332470594,0.09060667445136557
1523,-0.5601614292060793,-0.09547525047676796
9665,-0.42754258974377835,-0.5111902805485441
4640,-0.4616663494501083,-0.4684241004861371
3635,-0.392046673618376,0.04784049438895851
3547,-0.1871709128610543,-0.08976363992746904
2456,-0.4293114383443594,-0.20096369499074312
5633,-0.5601614292060793,-0.09547525047676796
7801,-0.47331528156722297,-0.23091093797290643
10489,1.4922459624148312,0.058985578981877354
7011,-0.5170931198177456,-4.492293837286643e-05
2620,-0.14936175904912583,-0.017744739976184677
3933,-0.5269732033342792,-0.07275834598294323
10981,-0.28057234811863174,-0.030059124303113974
1734,-0.5964027066888763,-0.12185391980447262
10995,-0.5485010376399537,-0.0164245801340236
6357,-0.4930742672723164,-0.4848037576817878
9209,-0.306847713235793,-0.295638734306139
10286,-0.28057234811863174,-0.030059124303113974
2611,1.2041573139967234,-0.06581440586743612
3308,-0.5601614292060793,-0.09547525047676796
5407,0.49954816197898366,-0.05494120646617967
2166,-0.4935102958683176,-0.17845140442886273
3955,-0.27703465091746954,-0.650512295418716
6634,-0.5185818702592115,-0.370347890453116
5718,1.4922459624148312,0.058985578981877354
6872,-0.4293114383443594,-0.20096369499074312
8164,-0.21232482870597183,-0.11559148442792808
4580,1.5484175431111928,0.09212017991150885
9305,-0.2688586543110811,0.43478994006498783
453,-0.44982251084929226,-0.19604241967336697
8545,1.745420568467639,-0.06401767616340337
9850,-0.5485010376399537,-0.0164245801340236
7378,0.46702500723092477,0.0011023421241180768
7646,-0.47982835509176214,0.24875926644132876
1640,-0.5589821968056919,-0.3022929741819686
8492,1.1845574503851564,-0.014791414470451637
1212,0.47453225440725655,0.07698223069641093
9097,-0.4616663494501083,-0.4684241004861371
10473,1.0684312094348798,-0.0959384886678331
7962,1.5279402246309879,0.16200458364052464
9984,0.6473440343914317,0.014206884680942222
5527,-0.5269732033342792,-0.07275834598294323
6374,-0.4293114383443594,-0.20096369499074312
7453,0.6088106465028733,0.12300033956950332
8952,-0.4666927970927364,-0.2182738968852782
8975,0.22545885387614473,-0.003755132914693309
6119,-0.512569079584537,0.04188342240142842
5236,1.2252046689856895,-0.049279958794114696
5723,-0.439191521860893,-0.27367711803531347
1710,-0.47982835509176214,0.24875926644132876
1970,-0.47657288060927,-0.29098731992984855
5313,-0.5623331619007773,-0.13552617178139603
10634,-0.28708754620272586,-0.15021188821699827
7010,1.1895411257858213,0.027313712377253305
8562,-0.3003325151516989,-0.1754859703922547
3158,-0.5170931198177456,-4.492293837286643e-05
4436,-0.20604281866666485,0.4675492544562893
5287,-0.5170931198177456,-4.492293837286643e-05
2445,-0.4928494436279492,-0.11552452604535028
6059,-0.37461348013808343,-0.16943566825260412
4550,-0.47657288060927,-0.29098731992984855
4240,-0.5170931198177456,-4.492293837286643e-05
8911,-0.4293114383443594,-0.20096369499074312
3706,0.5819816856193453,0.2020766355644849
3628,-0.6984150862748596,3.615760647493941
10175,-0.42754258974377835,-0.5111902805485441
8985,-0.5047231993894311,-0.24729059516855717
5204,1.203147601891973,-0.001040964897869283
9220,0.2576610026222345,0.3392064070115916
9888,-0.3003325151516989,-0.1754859703922547
5263,-0.5485010376399537,-0.0164245801340236
9503,-0.20604281866666485,0.4675492544562893
10613,-0.5439989784128817,-0.17246165254808624
67,-0.5374899854167884,0.030343287805071697
6019,0.5804111831095186,0.056291450843430575
5863,-0.4634351980506894,-0.15819751492833606
3717,0.5051939239884314,-0.013390679012139469
6730,-0.5601614292060793,-0.09547525047676796
10749,-0.20604281866666485,0.4675492544562893
4998,1.1845574503851564,-0.014791414470451637
6287,-0.18456483362741666,-0.041702534361915324
5985,-0.429428032366753,0.030530292494423426
4754,-0.4666927970927364,-0.2182738968852782
4002,-0.4293114383443594,-0.20096369499074312
8870,-0.18456483362741666,-0.041702534361915324
966,0.5780883529830483,-0.08728141193253319
9725,0.23623382107160978,-0.055079400962238824
4475,-0.21232482870597183,-0.11559148442792808
5740,-0.32777945813185017,-0.25667939453603117
5731,-0.5203507188597927,-0.060121304895315
7290,-0.20604281866666485,0.4675492544562893
3846,-0.4634351980506894,-0.15819751492833606
8104,-0.21232482870597183,-0.11559148442792808
4507,-0.20604281866666485,0.4675492544562893
11013,-0.3003325151516989,-0.1754859703922547
4491,0.28070669907549245,-0.08792631716697381
3759,0.24491567087637695,-0.10636225070781931
1162,0.30315934889734114,0.28218483359504887
2055,0.24141112423477187,-0.16064080652367466
10766,-0.4293114383443594,-0.20096369499074312
4415,-0.5601614292060793,-0.09547525047676796
3005,1.355330377736145,0.21799390709088698
2223,-0.4930742672723164,-0.4848037576817878
4817,-0.27703465091746954,-0.650512295418716
2875,-0.28057234811863174,-0.030059124303113974
11112,-0.47331528156722297,-0.23091093797290643
3807,-0.47331528156722297,-0.23091093797290643
9197,-0.4634351980506894,-0.15819751492833606
10832,-0.3003325151516989,-0.1754859703922547
6421,1.1845574503851564,-0.014791414470451637
4207,1.3937200101195053,0.06861994823990157
577,-0.5876867634319071,-0.154870637303582
10855,-0.48308595413380917,0.18868288448438664
3081,-0.4829693601114156,-0.04281110300077992
3535,-0.20604281866666485,0.4675492544562893
247,-0.17666076681418982,0.01646820407374096
8707,0.20797464965425658,0.007467487838656115
9523,-0.5269732033342792,-0.07275834598294323
6072,1.2139008156546158,0.17572142693987625
6295,-0.4634351980506894,-0.15819751492833606
10914,-0.5353182527220903,0.07039420910969979
1509,1.7529121776640442,0.0008979846535378262
5577,-0.5269732033342792,-0.07275834598294323
7348,0.30315934889734114,0.28218483359504887
1127,1.2419664678086517,0.0062044940838482466
1833,-0.44570459538543217,0.20599308637892172
9080,-0.512569079584537,0.04188342240142842
6466,-0.5374122560685259,-0.12398603718503932
9964,-0.42617043332470594,0.09060667445136557
4790,-0.4616663494501083,-0.4684241004861371
10245,-0.2688586543110811,0.43478994006498783
1109,-0.5302308023763262,-0.13283472793988538
6001,-0.4634351980506894,-0.15819751492833606
5538,1.5491250825514253,-0.031970454311611565
10552,-0.4948431158728975,-0.1745771721239868
1545,-0.5170931198177456,-4.492293837286643e-05
7409,-0.5269732033342792,-0.07275834598294323
4444,-0.5170931198177456,-4.492293837286643e-05
146,1.249572336744234,0.2082097314190403
6271,-0.4293114383443594,-0.20096369499074312
4741,0.5294793017891831,-0.0062683063357832185
246,-0.5601614292060793,-0.09547525047676796
375,-0.27703465091746954,-0.650512295418716
1524,1.1951339364678417,0.20485257678073718
10022,-0.512569079584537,0.04188342240142842
11010,-0.44570459538543217,0.20599308637892172
4356,0.9775210672157675,-0.08103958619991274
3885,0.5804111831095186,0.056291450843430575
1175,1.0001653021527268,0.05352537371942795
880,-0.7375059775178937,6.558516791712969
2320,-0.4948431158728975,-0.1745771721239868
850,-0.42617043332470594,0.09060667445136557
4713,-0.4829693601114156,-0.04281110300077992
675,-0.56115392950039,-0.3423438954865967
5025,-0.47982835509176214,0.24875926644132876
2308,-0.4634351980506894,-0.15819751492833606
5995,-0.3098320765191598,-0.24731959042423077
6749,-0.5353182527220903,0.07039420910969979
1010,-0.6134645865420413,-0.10047082977326909
8977,-0.6432162810328597,7.2015520165615134
4756,0.16845589069208722,-0.42800750249927955
3412,0.5762268678161643,-0.12161077305078584
606,-0.5353182527220903,0.07039420910969979
5961,-0.5170931198177456,-4.492293837286643e-05
2975,0.6614558794228981,-0.09237555477991063
2894,1.6143495492978182,0.1399183426191139
7613,-0.5583811211564873,-0.08913800317859397
10542,-0.5374122560685259,-0.12398603718503932
8015,0.255831460730138,-0.46318953298828797
11166,-0.4634351980506894,-0.15819751492833606
523,-0.5170931198177456,-4.492293837286643e-05
4066,-0.5467321890393726,-0.3266511656918246
8414,-0.392046673618376,0.04784049438895851
819,-0.017803112460930547,-0.24622827176809692
4961,-0.5302308023763262,-0.13283472793988538
749,0.5584092614980868,0.04131782935234892
5430,-0.566748151550435,-0.14395086583981487
7755,-0.4293114383443594,-0.20096369499074312
10525,0.5819816856193453,0.2020766355644849
1453,0.050444406951729394,-0.331760631892911
8310,-0.47331528156722297,-0.23091093797290643
10710,-0.4634351980506894,-0.15819751492833606
5031,1.203147601891973,-0.001040964897869283
2613,-0.4666927970927364,-0.2182738968852782
213,-0.512569079584537,0.04188342240142842
967,-0.31084284714806326,-0.07004725581977306
1077,-0.3003325151516989,-0.1754859703922547
7959,-0.28057234811863174,-0.030059124303113974
640,-0.4634351980506894,-0.15819751492833606
4252,-0.4634351980506894,-0.15819751492833606
6218,0.5780883529830483,-0.08728141193253319
6905,-0.3003325151516989,-0.1754859703922547
5922,-0.4293114383443594,-0.20096369499074312
3598,-0.4634351980506894,-0.15819751492833606
6116,-0.4948431158728975,-0.1745771721239868
6263,-0.5866356256585131,-0.1795471257682507
10486,-0.28057234811863174,-0.030059124303113974
2410,-0.20604281866666485,0.4675492544562893
193,0.790921327830425,2.789388516446518
8278,-0.21232482870597183,-0.11559148442792808
10660,0.28070669907549245,-0.08792631716697381
8686,-0.7455599345173767,3.2942430350696688
1604,-0.4666927970927364,-0.2182738968852782
5907,-0.5623331619007773,-0.13552617178139603
10669,-0.4634351980506894,-0.15819751492833606
2918,-0.5589821968056919,-0.3022929741819686
5735,1.241873192590737,0.1913996840719815
359,-0.47331528156722297,-0.23091093797290643
8387,-0.4634351980506894,-0.15819751492833606
1829,0.671907193663627,-0.24255252923579604
3839,-0.6810427401774886,2.3150617964781075
9392,-0.47982835509176214,0.24875926644132876
2292,-0.47982835509176214,0.24875926644132876
10466,-0.5601614292060793,-0.09547525047676796
9855,0.7078950839650964,0.0669109779982979
4088,-0.439191521860893,-0.27367711803531347
5231,-0.5453280932428473,-0.21183008326717717
590,0.20598964906563527,-0.4862698021810014
8732,1.0534786659355289,-0.10286256942564713
2315,-0.4616663494501083,-0.4684241004861371
3515,-0.42617043332470594,0.09060667445136557
2245,-0.5623331619007773,-0.13552617178139603
6606,0.5455651982349894,-0.031237863342235456
5545,-0.21232482870597183,-0.11559148442792808
7342,-0.3634584980440469,-0.28266174585647824
837,-0.5601614292060793,-0.09547525047676796
9500,-0.4634351980506894,-0.15819751492833606
3602,-0.4666927970927364,-0.2182738968852782
2995,-0.306847713235793,-0.295638734306139
1118,0.5033324388215474,-0.047720040130392126
3068,-0.28057234811863174,-0.030059124303113974
8955,0.2600817863014125,-0.12536944184666687
945,-0.47331528156722297,-0.23091093797290643
5644,0.5724425909736005,-0.1288319393865734
7192,-0.47331528156722297,-0.23091093797290643
2324,0.49954816197898366,-0.05494120646617967
697,1.206763393230361,-0.017753300301882397
3439,-0.5601614292060793,-0.09547525047676796
1506,-0.28954869587607274,0.07212656668291359
232,-0.42617043332470594,0.09060667445136557
8876,-0.5439989784128817,-0.17246165254808624
9739,-0.42617043332470594,0.09060667445136557
10395,-0.6984150862748596,3.615760647493941
1176,-0.5170931198177456,-4.492293837286643e-05
1627,1.1687502618210817,-0.21790567023755675
938,0.22545885387614473,-0.003755132914693309
2740,-0.44982251084929226,-0.19604241967336697
257,-0.4293114383443594,-0.20096369499074312
4058,1.1249537329152175,0.15717079296971245
7736,0.5633493032563536,0.0776745408746341
8210,-0.4666927970927364,-0.2182738968852782
833,-0.5623331619007773,-0.13552617178139603
6230,-0.5589821968056919,-0.3022929741819686
7325,-0.4928494436279492,-0.11552452604535028
1307,-0.4616663494501083,-0.4684241004861371
1502,-0.5269732033342792,-0.07275834598294323
6211,-0.4928494436279492,-0.11552452604535028
843,-0.5170931198177456,-4.492293837286643e-05
4174,-0.47657288060927,-0.29098731992984855
9757,1.6704245215602778,-0.009772989454896354
286,-0.5353182527220903,0.07039420910969979
11086,-0.6984150862748596,3.615760647493941
1921,-0.5914626649306095,-0.08549720828218743
4138,0.526488075260422,0.12878314349054718
7718,-0.306847713235793,-0.295638734306139
1291,-0.4928494436279492,-0.11552452604535028
6862,-0.27703465091746954,-0.650512295418716
4136,-0.6984150862748596,3.615760647493941
803,-0.566748151550435,-0.14395086583981487
4298,-0.4928494436279492,-0.11552452604535028
10833,0.5780883529830483,-0.08728141193253319
9606,1.5093078422679962,0.03760248895067383
8534,0.3060024861017607,-0.13151574384831652
5153,0.6072401439930466,-0.02278484515155102
961,-0.4634351980506894,-0.15819751492833606
6653,-0.2913435558873033,-0.09448507299829137
9094,-0.1588607636583114,-0.12315759527475018
810,-0.4634351980506894,-0.15819751492833606
5493,0.22545885387614473,-0.003755132914693309
2147,1.5304826742932118,0.014072889650648717
3979,1.2336627297742695,-0.1878938599482944
6049,1.3508520839358389,0.01929350958286329
8147,-0.5601614292060793,-0.09547525047676796
1857,-0.28954869587607274,0.07212656668291359
5207,-0.2913435558873033,-0.09448507299829137
11114,-0.5269732033342792,-0.07275834598294323
5429,-0.4293114383443594,-0.20096369499074312
9400,-0.2688586543110811,0.43478994006498783
1740,1.0678429133693665,-0.007659614484123224
7488,-0.429428032366753,0.030530292494423426
195,0.5819816856193453,0.2020766355644849
635,-0.5623331619007773,-0.13552617178139603
7527,-0.5185818702592115,-0.370347890453116
10319,0.5780883529830483,-0.08728141193253319
2296,0.47267076924037255,0.04265286957815828
10637,-0.5816955839002463,-0.1431904142459655
2931,1.193876596078848,-0.20480194448103617
907,-0.4634351980506894,-0.15819751492833606
3698,1.203147601891973,-0.001040964897869283
9516,1.418657741036932,-0.14918434646427445
679,-0.5374122560685259,-0.12398603718503932
7384,-0.306847713235793,-0.295638734306139
5043,-0.7177458104848266,6.70394363780211
5267,-0.5153242712171645,-0.31027150849617385
339,0.6710227693633364,-0.08743923645689554
2516,-0.5811000410875513,-0.1063950219405351
9010,1.5471145034943738,0.068089627128732
378,-0.28057234811863174,-0.030059124303113974
4808,-0.28057234811863174,-0.030059124303113974
7628,-0.5485010376399537,-0.0164245801340236
7128,-0.512569079584537,0.04188342240142842
2811,-0.512569079584537,0.04188342240142842
3551,-0.47657288060927,-0.29098731992984855
1663,-0.4928494436279492,-0.11552452604535028
5543,0.5724425909736005,-0.1288319393865734
1577,1.2097343242363288,0.04743465046517762
10641,-0.5353182527220903,0.07039420910969979
1878,-0.34338818376304797,-0.06281843869441543
3099,-0.5589821968056919,-0.3022929741819686
6055,1.0678429133693665,-0.007659614484123224
5841,-0.47331528156722297,-0.23091093797290643
3972,-0.566748151550435,-0.14395086583981487
4394,1.466614439114122,-0.005270784680492163
5758,1.7023092020205854,0.08249411322609332
6658,-0.47331528156722297,-0.23091093797290643
4603,-0.4293114383443594,-0.20096369499074312
8427,-0.21255801675075897,0.347396490542405
10260,-0.47657288060927,-0.29098731992984855
7143,-0.5047231993894311,-0.24729059516855717
8789,-0.5485010376399537,-0.0164245801340236
6197,-0.512569079584537,0.04188342240142842
4554,-0.47331528156722297,-0.23091093797290643
4937,-0.5811000410875513,-0.1063950219405351
8749,-0.5269732033342792,-0.07275834598294323
1650,-0.28708754620272586,-0.15021188821699827
10377,-0.47657288060927,-0.29098731992984855
9206,0.6773172671694728,-0.09449118751664688
10971,0.3148625701921045,0.16765516413686157
6398,-0.7356798510008431,3.366956458114239
9212,-0.4666927970927364,-0.2182738968852782
7937,-0.28057234811863174,-0.030059124303113974
839,-0.4829693601114156,-0.04281110300077992
4246,-0.21255801675075897,0.347396490542405
158,1.0184994856406222,0.016589892952737773
4832,-0.5170931198177456,-4.492293837286643e-05
5621,-0.31084284714806326,-0.07004725581977306
1945,0.9695755805313353,-0.04707701716264215
5147,-0.20604281866666485,0.4675492544562893
2535,1.2061815212393616,0.018633308141441686
11039,-0.4634351980506894,-0.15819751492833606
9495,-0.3003325151516989,-0.1754859703922547
9635,-0.28708754620272586,-0.15021188821699827
2173,-0.3320505802218388,-0.26628208866082753
942,-0.14684895503340303,0.21551155557750226
9386,0.5724425909736005,-0.1288319393865734
5510,-0.4666927970927364,-0.2182738968852782
873,0.37114289368794656,-0.07088161423805682
2253,-0.28057234811863174,-0.030059124303113974
5181,-0.6984150862748596,3.615760647493941
10390,-0.4948431158728975,-0.1745771721239868
7793,0.5724425909736005,-0.1288319393865734
10590,-0.23208499573903893,-0.2610183305170688
5080,0.2576610026222345,0.3392064070115916
8369,-0.5269732033342792,-0.07275834598294323
5232,-0.4634351980506894,-0.15819751492833606
2407,1.2097343242363288,0.04743465046517762
3834,-0.42617043332470594,0.09060667445136557
7912,0.47453225440725655,0.07698223069641093
7712,-0.1377952992540049,0.3820168943314752
1065,-0.20604281866666485,0.4675492544562893
7275,-0.5374899854167884,0.030343287805071697
1343,-0.566748151550435,-0.14395086583981487
1384,0.34962555087405806,2.000983019869332
9967,-0.5589821968056919,-0.3022929741819686
6181,-0.3631483507961151,-0.20824528478355617
10507,0.5611517419992615,-0.2739135506487913
2674,-0.10652869685339578,0.040928376419978
2698,-0.42617043332470594,0.09060667445136557
3231,-0.5170931198177456,-4.492293837286643e-05
10476,-0.4634351980506894,-0.15819751492833606
5948,-0.42617043332470594,0.09060667445136557
9140,-0.5876867634319071,-0.154870637303582
5675,0.5985984148727118,-0.2889915637155092
4743,-0.4293114383443594,-0.20096369499074312
8805,-0.42617043332470594,0.09060667445136557
1542,-0.5630632015372546,-0.018788319556114683
6770,0.5633493032563536,0.0776745408746341
8773,0.5705811058067165,-0.16316130050482605
10475,-0.47657288060927,-0.29098731992984855
10420,-0.46492394849215535,-0.5285004824430792
7514,-0.5876867634319071,-0.154870637303582
2902,-0.566748151550435,-0.14395086583981487
4345,-0.5562568646035624,0.059474437645932646
793,-0.5170931198177456,-4.492293837286643e-05
10909,1.3742207188587452,0.09305776541841988
3769,-0.4928494436279492,-0.11552452604535028
4791,-0.566748151550435,-0.14395086583981487
8216,-0.5623331619007773,-0.13552617178139603
8140,-0.5269732033342792,-0.07275834598294323
10146,-0.4928494436279492,-0.11552452604535028
5289,-0.5562568646035624,0.059474437645932646
2587,-0.4829693601114156,-0.04281110300077992
4405,-0.5265612140560733,-0.2409612331080381
8663,-0.5589821968056919,-0.3022929741819686
2589,-0.5153242712171645,-0.31027150849617385
10490,-0.5374122560685259,-0.12398603718503932
4094,-0.5601614292060793,-0.09547525047676796
2534,-0.4634351980506894,-0.15819751492833606
4188,-0.10392261761975813,0.08898948198553171
6613,-0.5203507188597927,-0.060121304895315
10827,-0.5374122560685259,-0.12398603718503932
8402,-0.4666927970927364,-0.2182738968852782
8783,-0.4634351980506894,-0.15819751492833606
10010,-0.2903327852583998,-0.2717574076027491
618,-0.4293114383443594,-0.20096369499074312
361,-0.5623331619007773,-0.13552617178139603
4310,1.1912293718653248,0.04990288865803659
2678,-0.47982835509176214,0.24875926644132876
6376,-0.47982835509176214,0.24875926644132876
10341,-0.3003325151516989,-0.1754859703922547
5654,-0.6085245447837745,-0.0641141182509839
4098,-0.5601614292060793,-0.09547525047676796
5824,-0.5964027066888763,-0.12185391980447262
7000,-0.2688586543110811,0.43478994006498783
5229,-0.439191521860893,-0.27367711803531347
2428,-0.5170931198177456,-4.492293837286643e-05
8254,-0.4829693601114156,-0.04281110300077992
2836,-0.4829693601114156,-0.04281110300077992
8418,-0.5562568646035624,0.059474437645932646
1362,-0.20604281866666485,0.4675492544562893
10033,-0.5467321890393726,-0.3266511656918246
9349,1.5361284363026595,0.05562341710468892
274,-0.5353182527220903,0.07039420910969979
3388,-0.5589821968056919,-0.3022929741819686
922,0.21149977928849664,-0.011034980557204742
2518,-0.3631483507961151,-0.20824528478355617
574,-0.28057234811863174,-0.030059124303113974
5967,-0.566748151550435,-0.14395086583981487
1183,-0.5623331619007773,-0.13552617178139603
6856,-0.18456483362741666,-0.041702534361915324
4530,1.2766473843898605,-0.062204415134919144
1553,1.4256079980973395,-0.020267862219277795
4682,-0.28057234811863174,-0.030059124303113974
8204,-0.34338818376304797,-0.06281843869441543
5221,0.5051939239884314,-0.013390679012139469
1232,-0.23208499573903893,-0.2610183305170688
1927,-0.5047231993894311,-0.24729059516855717
5788,-0.5269732033342792,-0.07275834598294323
6652,-0.28057234811863174,-0.030059124303113974
6246,0.2576610026222345,0.3392064070115916
5975,-0.44570459538543217,0.20599308637892172
6875,-0.23208499573903893,-0.2610183305170688
4042,-0.13231935052007998,-0.35823513796447043
2157,-0.566748151550435,-0.14395086583981487
10133,1.6143495492978182,0.1399183426191139
2525,0.2534729959293632,-0.049554085577886625
8233,0.6513037922897932,-0.18337338661220953
9483,-0.47331528156722297,-0.23091093797290643
10403,-0.5269732033342792,-0.07275834598294323
5074,-0.5203507188597927,-0.060121304895315
10524,-0.46492394849215535,-0.5285004824430792
4690,-0.4634351980506894,-0.15819751492833606
7196,-0.5374122560685259,-0.12398603718503932
4406,-0.47331528156722297,-0.23091093797290643
9672,-0.5811000410875513,-0.1063950219405351
4864,-0.5170931198177456,-4.492293837286643e-05
4706,-0.42617043332470594,0.09060667445136557
4070,0.7388481272556583,-0.09164320023795675
25,-0.4634351980506894,-0.15819751492833606
3697,-0.47331528156722297,-0.23091093797290643
4220,-0.4293114383443594,-0.20096369499074312
5286,-0.21255801675075897,0.347396490542405
9559,0.5246932152491914,-0.03782849619065779
3102,-0.5583811211564873,-0.08913800317859397
5868,-0.5170931198177456,-4.492293837286643e-05
8370,-0.5047231993894311,-0.24729059516855717
9988,-0.429428032366753,0.030530292494423426
2939,-0.306847713235793,-0.295638734306139
5529,0.1592936935198336,-0.06343786272759361
9743,0.6829630291789206,-0.052940660062606684
5763,-0.5302308023763262,-0.13283472793988538
3478,-0.2913435558873033,-0.09448507299829137
7494,-0.5362330236681386,-0.33080376089024
1763,1.5444655097045794,0.0630348106936807
7250,-0.5269732033342792,-0.07275834598294323
2005,-0.5170931198177456,-4.492293837286643e-05
10770,-0.28057234811863174,-0.030059124303113974
6885,-0.5153242712171645,-0.31027150849617385
2072,0.6023001022347798,-0.0591415566738362
9463,-0.47331528156722297,-0.23091093797290643
6318,-0.28057234811863174,-0.030059124303113974
4093,-0.5689198842451331,-0.18400178714444296
3340,-0.17666076681418982,0.01646820407374096
3594,-0.5623331619007773,-0.13552617178139603
3584,1.049929384468967,0.23093496790225243
3643,1.21206138080995,-0.007643667431779821
851,-0.5623331619007773,-0.13552617178139603
7706,0.4816007803662934,-0.06430101057798009
3967,-0.21232482870597183,-0.11559148442792808
10128,-0.47331528156722297,-0.23091093797290643
9451,-0.4634351980506894,-0.15819751492833606
9264,-0.28057234811863174,-0.030059124303113974
3865,0.15292398120260098,-0.111323285814972
2853,-0.47982835509176214,0.24875926644132876
1490,-0.4634351980506894,-0.15819751492833606
10380,-0.5203507188597927,-0.060121304895315
3887,-0.14684895503340303,0.21551155557750226
4278,0.30315934889734114,0.28218483359504887
8643,-0.3003325151516989,-0.1754859703922547
1998,-0.47982835509176214,0.24875926644132876
11110,-0.47982835509176214,0.24875926644132876
2408,-0.5601614292060793,-0.09547525047676796
202,0.050444406951729394,-0.331760631892911
7998,-0.566748151550435,-0.14395086583981487
830,1.5279402246309879,0.16200458364052464
3536,-0.47331528156722297,-0.23091093797290643
6050,0.48724654237574117,-0.022750483123939885
125,0.2638042980547393,-0.1008226275150978
3463,-0.4293114383443594,-0.20096369499074312
2804,-0.2914101810429568,0.03779720556466094
3745,-0.5485010376399537,-0.0164245801340236
9771,-0.5112362729139702,0.23237960924567802
451,-0.47982835509176214,0.24875926644132876
10530,0.42865248636783065,-0.19366685055454191
1079,0.5975876442438083,-0.1117192291110515
8920,-0.48308595413380917,0.18868288448438664
6678,-0.5269732033342792,-0.07275834598294323
3852,-0.5689198842451331,-0.18400178714444296
528,-0.28057234811863174,-0.030059124303113974
73,-0.5460013216840897,-0.04017140958731819
5589,-0.4616663494501083,-0.4684241004861371
6365,-0.34338818376304797,-0.06281843869441543
5636,0.2576610026222345,0.3392064070115916
591,-0.3320505802218388,-0.26628208866082753
2217,-0.5811000410875513,-0.1063950219405351
2544,-0.46492394849215535,-0.5285004824430792
7725,-0.34338818376304797,-0.06281843869441543
8091,-0.4634351980506894,-0.15819751492833606
7791,-0.5623331619007773,-0.13552617178139603
955,0.31616475998510135,-0.04824347041160934
4037,-0.5153242712171645,-0.31027150849617385
6642,-0.6076401204834839,-0.2192274110298844
2793,-0.42754258974377835,-0.5111902805485441
9530,-0.5170931198177456,-4.492293837286643e-05
4828,-0.4616663494501083,-0.4684241004861371
10699,-0.5170931198177456,-4.492293837286643e-05
1497,-0.42617043332470594,0.09060667445136557
7476,0.5975210190881548,0.02056304945190081
4390,-0.47331528156722297,-0.23091093797290643
10478,-0.2913435558873033,-0.09448507299829137
1081,-0.5646337040470814,-0.16457350427716902
5350,1.2324057680256197,0.17325318874701726
8135,-0.5203507188597927,-0.060121304895315
4967,-0.439191521860893,-0.27367711803531347
2130,-0.347150278738686,-0.021224873565262873
9298,1.4609686771046744,-0.04682131213453237
6257,-0.429428032366753,0.030530292494423426
3790,-0.6134645865420413,-0.10047082977326909
9952,-0.306847713235793,-0.295638734306139
3503,-0.27703465091746954,-0.650512295418716
5223,-0.47657288060927,-0.29098731992984855
4608,0.2103331144550314,-0.40616795957174523
1626,0.33577687633129805,-0.13632465465908758
4764,-0.3183500943243951,-0.14592714439206592
2471,-0.28057234811863174,-0.030059124303113974
5892,-0.5170931198177456,-4.492293837286643e-05
2612,1.192461517198383,0.04337932396520465
5185,-0.28057234811863174,-0.030059124303113974
10069,0.3439797888646103,1.9594324924152917
1131,-0.392046673618376,0.04784049438895851
1041,-0.07662360985469414,0.054776537935606065
3409,0.4958264056792471,0.21915605319909756
7022,-0.5170931198177456,-4.492293837286643e-05
7943,-0.4829693601114156,-0.04281110300077992
5272,-0.4666927970927364,-0.2182738968852782
5453,1.1898554379647455,-0.004681781600349059
2565,1.066651913016194,-0.30390198849591776
800,-0.566748151550435,-0.14395086583981487
11092,-0.5601614292060793,-0.09547525047676796
5062,-0.5374122560685259,-0.12398603718503932
8969,-0.4634351980506894,-0.15819751492833606
4656,0.4778790240665568,0.20979624908729716
4480,-0.4666927970927364,-0.2182738968852782
1773,-0.34338818376304797,-0.06281843869441543
9242,1.0271802113314137,0.25944575461052377
1764,-0.47982835509176214,0.24875926644132876
6215,-0.31084284714806326,-0.07004725581977306
10099,-0.5170931198177456,-4.492293837286643e-05
5423,-0.5269732033342792,-0.07275834598294323
940,-0.47982835509176214,0.24875926644132876
3298,-0.4666927970927364,-0.2182738968852782
8286,0.5919418822343605,-0.1532697565650917
9668,-0.5170931198177456,-4.492293837286643e-05
6097,-0.5353182527220903,0.07039420910969979
7019,-0.566748151550435,-0.14395086583981487
7408,-0.4293114383443594,-0.20096369499074312
8041,-0.29792682051550884,-0.3090482687232346
252,-0.20878713150480957,-0.73604465554353
9986,-0.18456483362741666,-0.041702534361915324
3276,-0.5583811211564873,-0.08913800317859397
3570,-0.4928494436279492,-0.11552452604535028
3783,-0.5374122560685259,-0.12398603718503932
10207,-0.5269732033342792,-0.07275834598294323
3427,-0.4293114383443594,-0.20096369499074312
5209,-0.4616663494501083,-0.4684241004861371
10711,-0.28057234811863174,-0.030059124303113974
10785,-0.5601614292060793,-0.09547525047676796
2814,-0.5302308023763262,-0.13283472793988538
6866,-0.5689198842451331,-0.18400178714444296
1665,0.9504662079745004,-0.12533300393184987
6575,-0.566748151550435,-0.14395086583981487
3091,-0.5583811211564873,-0.08913800317859397
10141,-0.28354984900156366,-0.7706650593326003
5177,-0.4666927970927364,-0.2182738968852782
7005,1.0976547251501534,0.1913837370196381
6409,0.2103331144550314,-0.40616795957174523
7485,-0.44982251084929226,-0.19604241967336697
8079,-0.5170931198177456,-4.492293837286643e-05
8395,0.2576610026222345,0.3392064070115916
10352,-0.23576592267443436,-0.13180986938119674
13,-0.29792682051550884,-0.3090482687232346
1834,-0.48308595413380917,0.18868288448438664
2285,-0.47657288060927,-0.29098731992984855
2295,-0.4293114383443594,-0.20096369499074312
1378,-0.5047231993894311,-0.24729059516855717
2781,1.510878344777823,0.18338767367172817
1165,-0.512569079584537,0.04188342240142842
1404,-0.6025200993951392,-0.03851580451317275
6457,-0.4616663494501083,-0.4684241004861371
2639,-0.5353182527220903,0.07039420910969979
6437,-0.5112362729139702,0.23237960924567802
6912,-0.5016403082238219,-0.22942109851168138
7327,-0.5374122560685259,-0.12398603718503932
8143,1.4361748829595995,0.13195642575433894
1964,-0.3003325151516989,-0.1754859703922547
3690,1.2075625915416308,0.007383729160549525
3389,-0.4634351980506894,-0.15819751492833606
4712,-0.3631483507961151,-0.20824528478355617
1170,-0.5170931198177456,-4.492293837286643e-05
6347,-0.6984150862748596,3.615760647493941
4065,-0.4829693601114156,-0.04281110300077992
8230,-0.5170931198177456,-4.492293837286643e-05
1215,1.1845574503851564,-0.014791414470451637
5939,-0.566748151550435,-0.14395086583981487
2156,-0.5374122560685259,-0.12398603718503932
7788,-0.4829693601114156,-0.04281110300077992
10323,-0.4634351980506894,-0.15819751492833606
7947,-0.5601614292060793,-0.09547525047676796
1891,0.20598964906563527,-0.4862698021810014
2570,1.0135701775150339,-0.07505753039857863
9256,-0.42617043332470594,0.09060667445136557
7397,-0.42617043332470594,0.09060667445136557
6349,-0.28354984900156366,-0.7706650593326003
10790,-0.4829693601114156,-0.04281110300077992
10398,-0.5112362729139702,0.23237960924567802
2431,-0.28057234811863174,-0.030059124303113974
550,-0.4616663494501083,-0.4684241004861371
1890,-0.5876867634319071,-0.154870637303582
10742,1.2419664678086517,0.0062044940838482466
10356,-0.5362330236681386,-0.33080376089024
4676,-0.4389714688368395,-0.31301761559636576
8852,-0.4634351980506894,-0.15819751492833606
5294,-0.47982835509176214,0.24875926644132876
1958,-0.439191521860893,-0.27367711803531347
7349,-0.3594342185738946,2.6518985704801747
8799,-0.4829693601114156,-0.04281110300077992
1351,0.6754557820025888,-0.12882054863489953
1045,-0.47331528156722297,-0.23091093797290643
7732,-0.5170931198177456,-4.492293837286643e-05
8070,-0.4293114383443594,-0.20096369499074312
477,1.7023092020205854,0.08249411322609332
7832,1.1815457449148536,0.009018705015016976
2202,-0.47331528156722297,-0.23091093797290643
7396,1.2146674600435876,0.04041743813377389
4055,-0.6984150862748596,3.615760647493941
10340,-0.5269732033342792,-0.07275834598294323
10091,-0.42617043332470594,0.09060667445136557
7629,-0.5601614292060793,-0.09547525047676796
10640,-0.566748151550435,-0.14395086583981487
3498,0.6072401439930466,-0.02278484515155102
6742,-0.5170931198177456,-4.492293837286643e-05
1172,1.6130931472899566,0.023290194842270417
569,1.6143495492978182,0.1399183426191139
4686,1.3470741620717324,-0.08026316490214493
1381,-0.11954994726833906,0.18129861152757662
2634,-0.14945503426704068,0.16745045001194855
10905,-0.31648860915751104,-0.11159778327381326
1744,-0.6447571645078034,3.457608055503978
3828,-0.4634351980506894,-0.15819751492833606
8605,-0.5439989784128817,-0.17246165254808624
4351,0.22624500880973633,-0.14163361538482708
10129,1.206763393230361,-0.017753300301882397
2499,-0.45757835114691403,0.07422701725571483
10092,-0.4616663494501083,-0.4684241004861371
5796,1.2146674600435876,0.04041743813377389
10556,0.6671016414323458,-0.05082502732587044
1064,-0.4829693601114156,-0.04281110300077992
48,0.5724425909736005,-0.1288319393865734
7610,-0.5269732033342792,-0.07275834598294323
263,0.30315934889734114,0.28218483359504887
10814,0.19480120496554515,-0.0894837428874377
9710,-0.42754258974377835,-0.5111902805485441
9292,-0.28057234811863174,-0.030059124303113974
10250,-0.7375059775178937,6.558516791712969
5847,-0.4616663494501083,-0.4684241004861371
737,1.660651425299948,0.01670902625561198
3571,0.6660827276050696,-0.12379594797918073
3878,-0.5112362729139702,0.23237960924567802
5092,0.7367150782777617,-0.14148152332314126
5394,-0.6810427401774886,2.3150617964781075
3798,-0.5601614292060793,-0.09547525047676796
3524,-0.14945503426704068,0.16745045001194855
5247,-0.5374122560685259,-0.12398603718503932
5883,-0.5170931198177456,-4.492293837286643e-05
2118,-0.4948431158728975,-0.1745771721239868
8812,-0.5467321890393726,-0.3266511656918246
6616,-0.47331528156722297,-0.23091093797290643
2797,-0.4634351980506894,-0.15819751492833606
4328,-0.5485010376399537,-0.0164245801340236
9167,-0.4634351980506894,-0.15819751492833606
10560,-0.44570459538543217,0.20599308637892172
5534,0.5033324388215474,-0.047720040130392126
5093,-0.14794668016866092,-0.26592600842242553
8584,-0.23208499573903893,-0.2610183305170688
2694,-0.4634351980506894,-0.15819751492833606
164,-0.21232482870597183,-0.11559148442792808
10477,-0.4928494436279492,-0.11552452604535028
2681,-0.34338818376304797,-0.06281843869441543
5150,-0.6984150862748596,3.615760647493941
5283,-0.512569079584537,0.04188342240142842
9645,-0.28057234811863174,-0.030059124303113974
10678,-0.47331528156722297,-0.23091093797290643
7261,-0.31648860915751104,-0.11159778327381326
9648,-0.5353182527220903,0.07039420910969979
2870,-0.4634351980506894,-0.15819751492833606
8008,-0.5269732033342792,-0.07275834598294323
1513,-0.5876867634319071,-0.154870637303582
7960,1.1816370589725946,-0.030857026058402983
9905,0.22106770564657424,-0.036072209823391245
10691,-0.5623331619007773,-0.13552617178139603
7002,-0.42617043332470594,0.09060667445136557
2952,-0.48308595413380917,0.18868288448438664
8439,0.3708438955549771,-0.1354778549518323
2831,-0.47331528156722297,-0.23091093797290643
6977,0.6773172671694728,-0.09449118751664688
6289,-0.5689198842451331,-0.18400178714444296
8397,0.22545885387614473,-0.003755132914693309
6237,-0.4767971317398329,-0.06355163892521365
1619,0.20797464965425658,0.007467487838656115
1990,1.0229015323227537,0.26061781905826364
269,-0.392046673618376,0.04784049438895851
8093,1.1898554379647455,-0.004681781600349059
10513,1.1845574503851564,-0.014791414470451637
10177,-0.4616663494501083,-0.4684241004861371
2549,-0.4928494436279492,-0.11552452604535028
5782,0.5544952093609102,-0.13819174349837382
10057,0.2576610026222345,0.3392064070115916
10307,-0.5243894813613752,-0.20091031180341
8566,-0.5439989784128817,-0.17246165254808624
2415,0.6614558794228981,-0.09237555477991063
5684,-0.56115392950039,-0.3423438954865967
9166,-0.4634351980506894,-0.15819751492833606
1440,-0.3631483507961151,-0.20824528478355617
78,-0.5170931198177456,-4.492293837286643e-05
5441,-0.29792682051550884,-0.3090482687232346
5302,0.19480120496554515,-0.0894837428874377
4687,-0.28708754620272586,-0.15021188821699827
1087,-0.1871709128610543,-0.08976363992746904
6859,-0.47982835509176214,0.24875926644132876
9860,-0.47331528156722297,-0.23091093797290643
7129,-0.4293114383443594,-0.20096369499074312
5866,-0.5269732033342792,-0.07275834598294323
10521,-0.31084284714806326,-0.07004725581977306
7393,-0.566748151550435,-0.14395086583981487
7849,-0.21232482870597183,-0.11559148442792808
332,0.5780883529830483,-0.08728141193253319
9847,-0.4948431158728975,-0.1745771721239868
531,-0.10502034275501601,-0.39244808201439607
9576,-0.4928494436279492,-0.11552452604535028
6906,1.650694450922146,-0.026867715408540205
7419,-0.5185818702592115,-0.370347890453116
3170,-0.306847713235793,-0.295638734306139
8527,-0.5689198842451331,-0.18400178714444296
7872,1.5620670469937248,0.07501370788654603
9931,-0.5374122560685259,-0.12398603718503932
10595,-0.28057234811863174,-0.030059124303113974
4609,-0.4293114383443594,-0.20096369499074312
5010,-0.47982835509176214,0.24875926644132876
4427,1.3535051331032937,0.2079528998484174
11148,-0.5269732033342792,-0.07275834598294323
1168,-0.21232482870597183,-0.11559148442792808
9595,0.19480120496554515,-0.0894837428874377
10163,0.30315934889734114,0.28218483359504887
2886,0.9689139136684617,-0.2116561138358613
6710,-0.5915209619418063,0.030249785460395844
5316,-0.306847713235793,-0.295638734306139
9029,-0.21232482870597183,-0.11559148442792808
521,-0.5269732033342792,-0.07275834598294323
1459,-0.4293114383443594,-0.20096369499074312
10241,-0.33985048656188577,-0.6832716098100174
3254,-0.5170931198177456,-4.492293837286643e-05
3678,0.42499978043630565,-0.09008489094827654
4227,-0.5689198842451331,-0.18400178714444296
9467,-0.47982835509176214,0.24875926644132876
8486,-0.5302308023763262,-0.13283472793988538
2186,1.582928442871928,0.004759434771144803
3286,-0.48120051151083454,-0.3530376885585809
8602,-0.4616663494501083,-0.4684241004861371
3722,-0.5353182527220903,0.07039420910969979
6715,-0.392046673618376,0.04784049438895851
4796,-0.4616663494501083,-0.4684241004861371
9612,-0.2688586543110811,0.43478994006498783
3766,0.3788106747033279,-0.21674711974725536
1399,1.192461517198383,0.04337932396520465
1570,-0.439191521860893,-0.27367711803531347
3426,-0.5153242712171645,-0.31027150849617385
3074,0.2534729959293632,-0.049554085577886625
8341,0.5804111831095186,0.056291450843430575
5180,-0.42754258974377835,-0.5111902805485441
6461,0.5975210190881548,0.02056304945190081
7679,-0.1377952992540049,0.3820168943314752
10702,-0.47982835509176214,0.24875926644132876
7505,-0.5374122560685259,-0.12398603718503932
5113,1.0262654403853655,-0.141752215389416
10858,-0.566748151550435,-0.14395086583981487
2961,0.47453225440725655,0.07698223069641093
3010,1.5829506728530636,0.03416909633187134
5790,-0.5170931198177456,-4.492293837286643e-05
6892,0.970361735464927,-0.1849554996327759
1743,-0.20604281866666485,0.4675492544562893
3578,-0.4616663494501083,-0.4684241004861371
5558,1.2717782795894386,0.20524784558760956
4619,-0.1377952992540049,0.3820168943314752
10779,-0.20604281866666485,0.4675492544562893
5896,-0.28708754620272586,-0.15021188821699827
2337,-0.5153242712171645,-0.31027150849617385
10951,0.5780883529830483,-0.08728141193253319
17,-0.4293114383443594,-0.20096369499074312
10680,-0.5269732033342792,-0.07275834598294323
3265,-0.28057234811863174,-0.030059124303113974
5623,0.47267076924037255,0.04265286957815828
5832,-0.3631483507961151,-0.20824528478355617
5544,0.5993825042550388,0.054892410570153455
5831,0.9911248869982052,-0.03411724423415831
7101,-0.29792682051550884,-0.3090482687232346
10176,1.0324281168120408,0.05354951457113017
4385,-0.44570459538543217,0.20599308637892172
10686,-0.5439989784128817,-0.17246165254808624
2546,-0.45757835114691403,0.07422701725571483
3283,-0.4948431158728975,-0.1745771721239868
3138,1.7572525405094397,0.12232591548243082
4994,1.241873192590737,0.1913996840719815
7966,-0.5353182527220903,0.07039420910969979
3112,-0.5203507188597927,-0.060121304895315
2181,-0.28057234811863174,-0.030059124303113974
1867,0.2576610026222345,0.3392064070115916
1518,-0.5623331619007773,-0.13552617178139603
5734,-0.5374122560685259,-0.12398603718503932
2878,-0.4293114383443594,-0.20096369499074312
1458,-0.5203507188597927,-0.060121304895315
7007,-0.5981051097454814,-0.03009111045475394
6200,-0.4634351980506894,-0.15819751492833606
1403,-0.5876867634319071,-0.154870637303582
4827,-0.07662360985469414,0.054776537935606065
6250,-0.0013277273724004233,-0.23073447255414842
9291,-0.4666927970927364,-0.2182738968852782
2478,-0.5170931198177456,-4.492293837286643e-05
1139,1.5620670469937248,0.07501370788654603
5138,-0.47331528156722297,-0.23091093797290643
5393,-0.47982835509176214,0.24875926644132876
10413,-0.28057234811863174,-0.030059124303113974
5015,-0.5203507188597927,-0.060121304895315
10868,-0.017803112460930547,-0.24622827176809692
10676,0.20797464965425658,0.007467487838656115
2495,-0.4666927970927364,-0.2182738968852782
7842,-0.5353182527220903,0.07039420910969979
6663,-0.1377952992540049,0.3820168943314752
2162,-0.4634351980506894,-0.15819751492833606
3434,-0.20604281866666485,0.4675492544562893
7919,0.24029955124065178,-0.14650531630398042
5626,-0.1377952992540049,0.3820168943314752
6428,0.050444406951729394,-0.331760631892911
8514,-0.5269732033342792,-0.07275834598294323
10448,0.526488075260422,0.12878314349054718
2109,1.2345775007203177,0.21330411005164537
8925,-0.4666927970927364,-0.2182738968852782
3009,1.6920443183449392,-0.031798551597318356
6355,-0.5601614292060793,-0.09547525047676796
3517,-0.28954869587607274,0.07212656668291359
1158,-0.4616663494501083,-0.4684241004861371
6203,-0.3003325151516989,-0.1754859703922547
7165,-0.47331528156722297,-0.23091093797290643
3595,-0.47331528156722297,-0.23091093797290643
8537,1.2788191170845584,-0.02215349383029105
4331,1.4396079006770304,-0.0567128560742667
6281,0.506204694617335,-0.19066301361659718
4338,0.4958264056792471,0.21915605319909756
9507,-0.4634351980506894,-0.15819751492833606
10311,-0.4634351980506894,-0.15819751492833606
5117,-0.34338818376304797,-0.06281843869441543
4867,-0.512569079584537,0.04188342240142842
9289,-0.17666076681418982,0.01646820407374096
10913,0.5803528860983218,0.17203844458601383
3032,-0.5170931198177456,-4.492293837286643e-05
3334,1.5361284363026595,0.05562341710468892
4470,-0.4666927970927364,-0.2182738968852782
1406,-0.5353182527220903,0.07039420910969979
10821,-0.5601614292060793,-0.09547525047676796
4552,-0.28057234811863174,-0.030059124303113974
898,-0.5170931198177456,-4.492293837286643e-05
9797,-0.4634351980506894,-0.15819751492833606
10949,1.2151577774032656,-0.18542562175543545
8212,-0.4666927970927364,-0.2182738968852782
6248,1.2324057680256197,0.17325318874701726
10164,0.9984743331013306,0.06185713043309705
4547,-0.566748151550435,-0.14395086583981487
6815,1.5358543759823096,0.08556831703324856
4122,1.1912293718653248,0.04990288865803659
10841,-0.439191521860893,-0.27367711803531347
5370,0.49403154566801655,0.05254441351789261
176,-0.45757835114691403,0.07422701725571483
4860,-0.47982835509176214,0.24875926644132876
10757,-0.48120051151083454,-0.3530376885585809
4023,-0.17666076681418982,0.01646820407374096
6679,-0.20604281866666485,0.4675492544562893
7181,-0.4634351980506894,-0.15819751492833606
3599,-0.4634351980506894,-0.15819751492833606
405,0.506204694617335,-0.19066301361659718
6870,-0.42754258974377835,-0.5111902805485441
832,-0.439191521860893,-0.27367711803531347
2002,-0.27703465091746954,-0.650512295418716
3657,-0.47982835509176214,0.24875926644132876
500,1.5954916100008112,0.011311297649405097
1951,-0.7177458104848266,6.70394363780211
3262,0.2576610026222345,0.3392064070115916
7042,0.20797464965425658,0.007467487838656115
10598,-0.566748151550435,-0.14395086583981487
255,-0.5589821968056919,-0.3022929741819686
2375,-0.5866356256585131,-0.1795471257682507
9829,-0.5269732033342792,-0.07275834598294323
6214,-0.5203507188597927,-0.060121304895315
4954,-0.5601614292060793,-0.09547525047676796
7861,-0.4666927970927364,-0.2182738968852782
4837,-0.4293114383443594,-0.20096369499074312
9423,-0.5203507188597927,-0.060121304895315
153,-0.27703465091746954,-0.650512295418716
9323,0.5836094228605914,-0.06779665762110375
10001,-0.5583811211564873,-0.08913800317859397
3945,0.672932452907472,-0.07682713201779676
3799,-0.4634351980506894,-0.15819751492833606
8625,-0.5170931198177456,-4.492293837286643e-05
3491,-0.47331528156722297,-0.23091093797290643
983,0.47453225440725655,0.07698223069641093
9119,-0.47331528156722297,-0.23091093797290643
4786,-0.5601614292060793,-0.09547525047676796
5872,-0.42617043332470594,0.09060667445136557
6568,-0.5170931198177456,-4.492293837286643e-05
5628,0.957886645963676,0.03761667316877172
5631,-0.20604281866666485,0.4675492544562893
4974,-0.5630632015372546,-0.018788319556114683
8416,-0.5170931198177456,-4.492293837286643e-05
5454,-0.5203507188597927,-0.060121304895315
4095,-0.5170931198177456,-4.492293837286643e-05
5474,-0.47982835509176214,0.24875926644132876
4268,-0.4634351980506894,-0.15819751492833606
10701,1.5361284363026595,0.05562341710468892
3507,-0.14684895503340303,0.21551155557750226
2079,-0.34338818376304797,-0.06281843869441543
626,-0.5601614292060793,-0.09547525047676796
4426,0.3679491962107374,0.07770890256560557
2591,-0.3320505802218388,-0.26628208866082753
10509,-0.5374899854167884,0.030343287805071697
6382,-0.566748151550435,-0.14395086583981487
6673,-0.20604281866666485,0.4675492544562893
7441,-0.5153242712171645,-0.31027150849617385
10061,-0.4634351980506894,-0.15819751492833606
7187,-0.5689198842451331,-0.18400178714444296
1612,-0.44570459538543217,0.20599308637892172
322,-0.566748151550435,-0.14395086583981487
123,-0.3320505802218388,-0.26628208866082753
6103,-0.28057234811863174,-0.030059124303113974
7899,-0.4293114383443594,-0.20096369499074312
10500,-0.5170931198177456,-4.492293837286643e-05
1655,-0.5269732033342792,-0.07275834598294323
2406,-0.47331528156722297,-0.23091093797290643
2712,-0.4634351980506894,-0.15819751492833606
2254,-0.28057234811863174,-0.030059124303113974
10281,-0.17524568793372491,-0.23171306437249986
6958,-0.5203507188597927,-0.060121304895315
954,-0.4549765748271254,6.487774490337127
5079,-0.5601614292060793,-0.09547525047676796
10339,-0.47657288060927,-0.29098731992984855
4643,-0.5170931198177456,-4.492293837286643e-05
3117,-0.42617043332470594,0.09060667445136557
6497,-0.4634351980506894,-0.15819751492833606
5250,1.2951523367608644,-0.06467265332777812
2802,-0.34338818376304797,-0.06281843869441543
6343,0.5780883529830483,-0.08728141193253319
6507,-0.47982835509176214,0.24875926644132876
7901,-0.4666927970927364,-0.2182738968852782
4865,-0.31169356168604384,-0.28164895154248343
2686,-0.7375059775178937,6.558516791712969
3107,-0.47331528156722297,-0.23091093797290643
11031,-0.5374122560685259,-0.12398603718503932
7428,-0.3003325151516989,-0.1754859703922547
975,-0.5353182527220903,0.07039420910969979
1103,0.9284355498009341,0.055355809907610354
3422,0.998905940446271,-0.06024914710330012
1055,-0.5623331619007773,-0.13552617178139603
1241,-0.2017871010719563,0.003364478317220378
2909,0.9970783308703735,-0.06772970043006238
5802,-0.7177458104848266,6.70394363780211
340,0.5910626884401722,-0.156515047899248
5991,-0.4666927970927364,-0.2182738968852782
3104,1.2345775007203177,0.21330411005164537
9729,-0.47257168398684557,-0.1675316329650956
1008,0.9851856537287401,0.0034037291188460717
11091,-0.566748151550435,-0.14395086583981487
3969,-0.47657288060927,-0.29098731992984855
1916,-0.4666927970927364,-0.2182738968852782
9907,-0.47657288060927,-0.29098731992984855
87,-0.5485010376399537,-0.0164245801340236
8659,-0.439191521860893,-0.27367711803531347
6262,-0.21255801675075897,0.347396490542405
6147,-0.5153242712171645,-0.31027150849617385
8832,-0.5302308023763262,-0.13283472793988538
10067,-0.5876867634319071,-0.154870637303582
7532,-0.4634351980506894,-0.15819751492833606
4915,-0.4948431158728975,-0.1745771721239868
2115,0.2777633726423874,-0.09354277987258636
6292,1.232483497373882,0.01892386375690625
1631,0.24029955124065178,-0.14650531630398042
10104,-0.6134645865420413,-0.10047082977326909
3919,1.2139008156546158,0.17572142693987625
642,-0.7356798510008431,3.366956458114239
10127,-0.4634351980506894,-0.15819751492833606
271,0.28385201735563387,-0.051792721240245074
2948,-0.46492394849215535,-0.5285004824430792
2715,-0.31169356168604384,-0.28164895154248343
10432,-0.5153242712171645,-0.31027150849617385
9216,-0.5601614292060793,-0.09547525047676796
7124,-0.5589821968056919,-0.3022929741819686
9727,-0.28057234811863174,-0.030059124303113974
5136,0.9984743331013306,0.06185713043309705
9790,1.2345775007203177,0.21330411005164537
1818,-0.4928494436279492,-0.11552452604535028
1100,-0.5882644251795366,-0.20958531674672173
7873,-0.5439989784128817,-0.17246165254808624
10609,-0.4293114383443594,-0.20096369499074312
6950,-0.5623331619007773,-0.13552617178139603
7233,1.192461517198383,0.04337932396520465
9481,-0.5170931198177456,-4.492293837286643e-05
8933,-0.5485010376399537,-0.0164245801340236
8726,-0.579920808687164,-0.31321274564573576
1515,-0.47657288060927,-0.29098731992984855
5186,0.5975876442438083,-0.1117192291110515
10157,-0.42617043332470594,0.09060667445136557
5667,-0.10643542163548092,-0.14426681356815524
902,-0.5269732033342792,-0.07275834598294323
977,-0.47331528156722297,-0.23091093797290643
7313,1.2724428772036973,-0.05619206077730911
7600,-0.6984150862748596,3.615760647493941
9706,-0.44570459538543217,0.20599308637892172
3520,1.713644923915231,0.14540338236701314
10394,1.5887896428790993,0.09318678744365468
4548,-0.5353182527220903,0.07039420910969979
9362,0.5993825042550388,0.054892410570153455
3968,1.6139853396422161,-0.10210074718073965
4084,-0.47331528156722297,-0.23091093797290643
6721,-0.4634351980506894,-0.15819751492833606
2829,0.9695755805313353,-0.04707701716264215
1772,1.5093078422679962,0.03760248895067383
1544,-0.28354984900156366,-0.7706650593326003
4377,0.5051939239884314,-0.013390679012139469
1321,-0.5170931198177456,-4.492293837286643e-05
8858,0.5975876442438083,-0.1117192291110515
11187,-0.6984150862748596,3.615760647493941
8207,-0.4948431158728975,-0.1745771721239868
9723,0.5780883529830483,-0.08728141193253319
2666,0.5762268678161643,-0.12161077305078584
5721,1.2419664678086517,0.0062044940838482466
10652,-0.306847713235793,-0.295638734306139
1646,-0.7356798510008431,3.366956458114239
4418,0.2533175372328384,0.2591045644023354
2656,-0.5589821968056919,-0.3022929741819686
7990,-0.28057234811863174,-0.030059124303113974
8722,1.3209940364620492,0.08540198380321079
7118,0.5901782641398816,-0.001401755120347496
2980,-0.5374899854167884,0.030343287805071697
1839,-0.20604281866666485,0.4675492544562893
10722,0.49954816197898366,-0.05494120646617967
2632,0.3214198330085336,0.004872451588995657
9014,-0.5601614292060793,-0.09547525047676796
7620,-0.6984150862748596,3.615760647493941
10968,-0.42617043332470594,0.09060667445136557
2736,-0.4634351980506894,-0.15819751492833606
5959,-0.5353182527220903,0.07039420910969979
1092,-0.4634351980506894,-0.15819751492833606
4333,0.2777633726423874,-0.09354277987258636
3850,-0.6919020127503205,3.1360904430797056
6168,-0.5589821968056919,-0.3022929741819686
607,-0.4930742672723164,-0.4848037576817878
10469,-0.3003325151516989,-0.1754859703922547
6983,-0.56115392950039,-0.3423438954865967
3661,-0.2688586543110811,0.43478994006498783
9303,-0.4634351980506894,-0.15819751492833606
692,-0.566748151550435,-0.14395086583981487
9246,-0.5302308023763262,-0.13283472793988538
6261,-0.4634351980506894,-0.15819751492833606
10659,-0.5583811211564873,-0.08913800317859397
1448,-0.5833243834212698,-0.17322860522443656
4286,0.545987366521182,0.10434532631202885
4478,-0.5601614292060793,-0.09547525047676796
4201,-0.42617043332470594,0.09060667445136557
8720,1.0348125122983736,-0.0789340786763001
10084,-0.5959333770507834,0.00995981084987416
7004,0.4958264056792471,0.21915605319909756
9817,-0.21255801675075897,0.347396490542405
8080,-0.20604281866666485,0.4675492544562893
10870,-0.4634351980506894,-0.15819751492833606
7270,1.0692579922498315,-0.25584088293036406
8235,-0.47657288060927,-0.29098731992984855
9405,-0.2913435558873033,-0.09448507299829137
